,价格,名称,评论,商家
0,￥399.00,富士instax立拍立得 一次成像相机 mini7+（mini7c/s升级款）白 2023instax重磅新品pal火热上线，优质买家秀征集中,20万+条评价,富士instax京东自营旗舰店
1,￥999.00,富士instax立拍立得 一次成像相机 mini40 一世风靡礼盒 2023instax重磅新品pal火热上线，优质买家秀征集中,2万+条评价,富士instax京东自营旗舰店
2,￥669.00,富士（FUJIFILM）mini12拍立得相纸一次成像 mini11升级款 mini12 薄荷绿 官方标配,1万+条评价,京严数码买手店
3,￥1399.00,"京东国际
富士（FUJIFILM） 拍立得相机 Instax mini90一次成像复古相机 mini90 黑色",5000+条评价,magic海外专营店
4,￥481.00,富士（FUJIFILM） 拍立得mini7+即时成像相机一次成像旅游照相机立拍立得时尚节日礼物 白色 A套餐【+相纸20张+袋+角贴+相纸袋】,1000+条评价,XWXS官方旗舰店
5,￥659.00,富士instax立拍立得 一次成像相机 mini12（mini11升级款）浅樱粉,2万+条评价,富士instax京东自营旗舰店
6,￥53900.00,富士（FUJIFILM）GFX100 II 无反中画幅相机 微单相机 单机身（1亿像素 8档五轴防抖 8张/秒 8K视频）,1000+条评价,富士（FUJIFILM）京东自营旗舰店
7,￥659.00,富士instax立拍立得 一次成像相机 mini12（mini11升级款）绣球蓝,2万+条评价,富士instax京东自营旗舰店
8,￥1299.00,富士instax立拍立得 数模一次成像相机（具有手机照片打印功能）mini LiPlay 石英白,5万+条评价,富士instax京东自营旗舰店
9,￥1799.00,富士instax立拍立得 一次成像相机 mini Evo 【造梦时代】礼盒套装 2023instax重磅新品pal火热上线，优质买家秀征集中,5万+条评价,富士instax京东自营旗舰店
10,￥1499.00,"京东国际
富士（FUJIFILM） 拍立得相机 Instax mini90 一次成像复古相机 mini90 黑色 日版",200+条评价,数码海外京东自营专区
11,￥988.00,富士instax立拍立得 一次成像相机 SQUARE SQ1 云母白 2023instax重磅新品pal火热上线，优质买家秀征集中,5000+条评价,富士instax京东自营旗舰店
12,￥1000.00,富士拍立得mini12鸢尾紫,1条评价,ElectronicPartner海外旗舰店
13,￥573.00,富士（FUJIFILM） 拍立得mini7+即时成像相机一次成像旅游照相机立拍立得时尚节日礼物 白色 D套餐【+相纸40张+束口袋+相框+相册】,1000+条评价,XWXS官方旗舰店
14,￥779.00,"京东国际
富士（FUJIFILM） 拍立得相机 Instax mini90一次成像复古款迷你胶片相机 双重曝光 mini40 黑色",500+条评价,amazing world海外专营店
15,￥1299.00,富士instax立拍立得 数模一次成像相机（具有手机照片打印功能）mini LiPlay 典雅黑,5万+条评价,富士instax京东自营旗舰店
16,￥569.00,"京东国际
FUJIFILM/富士 拍立得MINI11 一次成像mini相机 即拍即得 迷你相机7/9升级款 MINI11 丁香紫 官方标配",500+条评价,VALUE DISTRIBUTION数码海外专营店
17,￥588.00,"京东国际
FUJIFILM/富士 拍立得MINI11 一次成像mini相机 即拍即得 迷你相机7/9升级款 MINI11 冰晶白 官方标配",500+条评价,VALUE DISTRIBUTION数码海外专营店
18,￥158.00,富士/Fujifilm QuickSnap 1986一次性胶卷相机 复古胶片机 胶卷相机（含27张胶卷）,2000+条评价,富士（FUJIFILM）打印机京东自营旗舰店
19,￥540.00,富士（FUJIFILM） 拍立得mini7+即时成像相机一次成像旅游照相机立拍立得时尚节日礼物 白色 C套餐【+相纸30张+束口袋+相框+相册】,1000+条评价,XWXS官方旗舰店
20,￥629.00,"京东国际
富士（FUJIFILM）instax 拍立得相机 mini12一次成像复古相机 薄荷绿 官方标配",0条评价,TOPCOOL海外专营店
21,￥799.00,富士instax 一次成像立拍立得 CCD智能相机PAL 雪球白 单机 迷你拍照精灵,81条评价,富士instax京东自营旗舰店
22,￥1539.00,"京东国际
富士（FUJIFILM）instax 拍立得相机 mini90一次成像复古相机 棕色mini 90",43条评价,TOPCOOL海外专营店
23,￥599.00,"京东国际
FUJIFILM/富士 instax mini12立拍立得一次成像相机 生日礼物可爱迷你 MINI12 茉莉白 官方标配",200+条评价,VALUE DISTRIBUTION数码海外专营店
24,￥1559.00,富士（FUJIFILM）instax 拍立得相机 mini90一次成像复古相机 藏红色 mini90,43条评价,TOPCOOL海外专营店
25,￥799.00,"京东国际
富士（FUJIFILM） 拍立得相机 Instax mini90一次成像复古相机 mini40 黑色",5000+条评价,magic海外专营店
26,￥629.00,"京东国际
富士（FUJIFILM）instax 拍立得相机 mini12一次成像复古相机 茉莉白 官方标配",0条评价,TOPCOOL海外专营店
27,￥468.00,富士拍立得相机mini7+ 学生一次成像mini7c/mini7s升级 mini7+白色 官方标配版+粉色方格配件盒,54条评价,拍立得经营部
28,￥1199.00,富士instax 一次成像立拍立得 CCD智能相机PAL 拍照精灵 学生玩具相机 礼盒套装 绅士黑（限定款）,81条评价,富士instax京东自营旗舰店
29,￥1549.00,富士（FUJIFILM）instax mini Evo 拍立得 一次成像相机 立拍立得迷你evo 黑色 USB充电口,200+条评价,蜗牛国际数码海外官方旗舰店
30,￥399.00,富士instax立拍立得 一次成像相机 mini7+（mini7c/s升级款）白 2023instax重磅新品pal火热上线，优质买家秀征集中,20万+条评价,富士instax京东自营旗舰店
31,￥999.00,富士instax立拍立得 一次成像相机 mini40 一世风靡礼盒 2023instax重磅新品pal火热上线，优质买家秀征集中,2万+条评价,富士instax京东自营旗舰店
32,￥669.00,富士（FUJIFILM）mini12拍立得相纸一次成像 mini11升级款 mini12 薄荷绿 官方标配,1万+条评价,京严数码买手店
33,￥1399.00,"京东国际
富士（FUJIFILM） 拍立得相机 Instax mini90一次成像复古相机 mini90 黑色",5000+条评价,magic海外专营店
34,￥481.00,富士（FUJIFILM） 拍立得mini7+即时成像相机一次成像旅游照相机立拍立得时尚节日礼物 白色 A套餐【+相纸20张+袋+角贴+相纸袋】,1000+条评价,XWXS官方旗舰店
35,￥659.00,富士instax立拍立得 一次成像相机 mini12（mini11升级款）浅樱粉,2万+条评价,富士instax京东自营旗舰店
36,￥53900.00,富士（FUJIFILM）GFX100 II 无反中画幅相机 微单相机 单机身（1亿像素 8档五轴防抖 8张/秒 8K视频）,1000+条评价,富士（FUJIFILM）京东自营旗舰店
37,￥659.00,富士instax立拍立得 一次成像相机 mini12（mini11升级款）绣球蓝,2万+条评价,富士instax京东自营旗舰店
38,￥1299.00,富士instax立拍立得 数模一次成像相机（具有手机照片打印功能）mini LiPlay 石英白,5万+条评价,富士instax京东自营旗舰店
39,￥1799.00,富士instax立拍立得 一次成像相机 mini Evo 【造梦时代】礼盒套装 2023instax重磅新品pal火热上线，优质买家秀征集中,5万+条评价,富士instax京东自营旗舰店
40,￥1499.00,"京东国际
富士（FUJIFILM） 拍立得相机 Instax mini90 一次成像复古相机 mini90 黑色 日版",200+条评价,数码海外京东自营专区
41,￥988.00,富士instax立拍立得 一次成像相机 SQUARE SQ1 云母白 2023instax重磅新品pal火热上线，优质买家秀征集中,5000+条评价,富士instax京东自营旗舰店
42,￥1000.00,富士拍立得mini12鸢尾紫,1条评价,ElectronicPartner海外旗舰店
43,￥573.00,富士（FUJIFILM） 拍立得mini7+即时成像相机一次成像旅游照相机立拍立得时尚节日礼物 白色 D套餐【+相纸40张+束口袋+相框+相册】,1000+条评价,XWXS官方旗舰店
44,￥779.00,"京东国际
富士（FUJIFILM） 拍立得相机 Instax mini90一次成像复古款迷你胶片相机 双重曝光 mini40 黑色",500+条评价,amazing world海外专营店
45,￥1299.00,富士instax立拍立得 数模一次成像相机（具有手机照片打印功能）mini LiPlay 典雅黑,5万+条评价,富士instax京东自营旗舰店
46,￥569.00,"京东国际
FUJIFILM/富士 拍立得MINI11 一次成像mini相机 即拍即得 迷你相机7/9升级款 MINI11 丁香紫 官方标配",500+条评价,VALUE DISTRIBUTION数码海外专营店
47,￥588.00,"京东国际
FUJIFILM/富士 拍立得MINI11 一次成像mini相机 即拍即得 迷你相机7/9升级款 MINI11 冰晶白 官方标配",500+条评价,VALUE DISTRIBUTION数码海外专营店
48,￥158.00,富士/Fujifilm QuickSnap 1986一次性胶卷相机 复古胶片机 胶卷相机（含27张胶卷）,2000+条评价,富士（FUJIFILM）打印机京东自营旗舰店
49,￥540.00,富士（FUJIFILM） 拍立得mini7+即时成像相机一次成像旅游照相机立拍立得时尚节日礼物 白色 C套餐【+相纸30张+束口袋+相框+相册】,1000+条评价,XWXS官方旗舰店
50,￥629.00,"京东国际
富士（FUJIFILM）instax 拍立得相机 mini12一次成像复古相机 薄荷绿 官方标配",0条评价,TOPCOOL海外专营店
51,￥799.00,富士instax 一次成像立拍立得 CCD智能相机PAL 雪球白 单机 迷你拍照精灵,81条评价,富士instax京东自营旗舰店
52,￥1539.00,"京东国际
富士（FUJIFILM）instax 拍立得相机 mini90一次成像复古相机 棕色mini 90",43条评价,TOPCOOL海外专营店
53,￥599.00,"京东国际
FUJIFILM/富士 instax mini12立拍立得一次成像相机 生日礼物可爱迷你 MINI12 茉莉白 官方标配",200+条评价,VALUE DISTRIBUTION数码海外专营店
54,￥1559.00,富士（FUJIFILM）instax 拍立得相机 mini90一次成像复古相机 藏红色 mini90,43条评价,TOPCOOL海外专营店
55,￥799.00,"京东国际
富士（FUJIFILM） 拍立得相机 Instax mini90一次成像复古相机 mini40 黑色",5000+条评价,magic海外专营店
56,￥629.00,"京东国际
富士（FUJIFILM）instax 拍立得相机 mini12一次成像复古相机 茉莉白 官方标配",0条评价,TOPCOOL海外专营店
57,￥468.00,富士拍立得相机mini7+ 学生一次成像mini7c/mini7s升级 mini7+白色 官方标配版+粉色方格配件盒,54条评价,拍立得经营部
58,￥1199.00,富士instax 一次成像立拍立得 CCD智能相机PAL 拍照精灵 学生玩具相机 礼盒套装 绅士黑（限定款）,81条评价,富士instax京东自营旗舰店
59,￥1549.00,富士（FUJIFILM）instax mini Evo 拍立得 一次成像相机 立拍立得迷你evo 黑色 USB充电口,200+条评价,蜗牛国际数码海外官方旗舰店
60,￥399.00,富士instax立拍立得 一次成像相机 mini7+（mini7c/s升级款）白 2023instax重磅新品pal火热上线，优质买家秀征集中,20万+条评价,富士instax京东自营旗舰店
61,￥999.00,富士instax立拍立得 一次成像相机 mini40 一世风靡礼盒 2023instax重磅新品pal火热上线，优质买家秀征集中,2万+条评价,富士instax京东自营旗舰店
62,￥669.00,富士（FUJIFILM）mini12拍立得相纸一次成像 mini11升级款 mini12 薄荷绿 官方标配,1万+条评价,京严数码买手店
63,￥1399.00,"京东国际
富士（FUJIFILM） 拍立得相机 Instax mini90一次成像复古相机 mini90 黑色",5000+条评价,magic海外专营店
64,￥481.00,富士（FUJIFILM） 拍立得mini7+即时成像相机一次成像旅游照相机立拍立得时尚节日礼物 白色 A套餐【+相纸20张+袋+角贴+相纸袋】,1000+条评价,XWXS官方旗舰店
65,￥659.00,富士instax立拍立得 一次成像相机 mini12（mini11升级款）浅樱粉,2万+条评价,富士instax京东自营旗舰店
66,￥53900.00,富士（FUJIFILM）GFX100 II 无反中画幅相机 微单相机 单机身（1亿像素 8档五轴防抖 8张/秒 8K视频）,1000+条评价,富士（FUJIFILM）京东自营旗舰店
67,￥659.00,富士instax立拍立得 一次成像相机 mini12（mini11升级款）绣球蓝,2万+条评价,富士instax京东自营旗舰店
68,￥1299.00,富士instax立拍立得 数模一次成像相机（具有手机照片打印功能）mini LiPlay 石英白,5万+条评价,富士instax京东自营旗舰店
69,￥1799.00,富士instax立拍立得 一次成像相机 mini Evo 【造梦时代】礼盒套装 2023instax重磅新品pal火热上线，优质买家秀征集中,5万+条评价,富士instax京东自营旗舰店
70,￥1499.00,"京东国际
富士（FUJIFILM） 拍立得相机 Instax mini90 一次成像复古相机 mini90 黑色 日版",200+条评价,数码海外京东自营专区
71,￥988.00,富士instax立拍立得 一次成像相机 SQUARE SQ1 云母白 2023instax重磅新品pal火热上线，优质买家秀征集中,5000+条评价,富士instax京东自营旗舰店
72,￥1000.00,富士拍立得mini12鸢尾紫,1条评价,ElectronicPartner海外旗舰店
73,￥573.00,富士（FUJIFILM） 拍立得mini7+即时成像相机一次成像旅游照相机立拍立得时尚节日礼物 白色 D套餐【+相纸40张+束口袋+相框+相册】,1000+条评价,XWXS官方旗舰店
74,￥779.00,"京东国际
富士（FUJIFILM） 拍立得相机 Instax mini90一次成像复古款迷你胶片相机 双重曝光 mini40 黑色",500+条评价,amazing world海外专营店
75,￥1299.00,富士instax立拍立得 数模一次成像相机（具有手机照片打印功能）mini LiPlay 典雅黑,5万+条评价,富士instax京东自营旗舰店
76,￥569.00,"京东国际
FUJIFILM/富士 拍立得MINI11 一次成像mini相机 即拍即得 迷你相机7/9升级款 MINI11 丁香紫 官方标配",500+条评价,VALUE DISTRIBUTION数码海外专营店
77,￥588.00,"京东国际
FUJIFILM/富士 拍立得MINI11 一次成像mini相机 即拍即得 迷你相机7/9升级款 MINI11 冰晶白 官方标配",500+条评价,VALUE DISTRIBUTION数码海外专营店
78,￥158.00,富士/Fujifilm QuickSnap 1986一次性胶卷相机 复古胶片机 胶卷相机（含27张胶卷）,2000+条评价,富士（FUJIFILM）打印机京东自营旗舰店
79,￥540.00,富士（FUJIFILM） 拍立得mini7+即时成像相机一次成像旅游照相机立拍立得时尚节日礼物 白色 C套餐【+相纸30张+束口袋+相框+相册】,1000+条评价,XWXS官方旗舰店
80,￥629.00,"京东国际
富士（FUJIFILM）instax 拍立得相机 mini12一次成像复古相机 薄荷绿 官方标配",0条评价,TOPCOOL海外专营店
81,￥799.00,富士instax 一次成像立拍立得 CCD智能相机PAL 雪球白 单机 迷你拍照精灵,81条评价,富士instax京东自营旗舰店
82,￥1539.00,"京东国际
富士（FUJIFILM）instax 拍立得相机 mini90一次成像复古相机 棕色mini 90",43条评价,TOPCOOL海外专营店
83,￥599.00,"京东国际
FUJIFILM/富士 instax mini12立拍立得一次成像相机 生日礼物可爱迷你 MINI12 茉莉白 官方标配",200+条评价,VALUE DISTRIBUTION数码海外专营店
84,￥1559.00,富士（FUJIFILM）instax 拍立得相机 mini90一次成像复古相机 藏红色 mini90,43条评价,TOPCOOL海外专营店
85,￥799.00,"京东国际
富士（FUJIFILM） 拍立得相机 Instax mini90一次成像复古相机 mini40 黑色",5000+条评价,magic海外专营店
86,￥629.00,"京东国际
富士（FUJIFILM）instax 拍立得相机 mini12一次成像复古相机 茉莉白 官方标配",0条评价,TOPCOOL海外专营店
87,￥468.00,富士拍立得相机mini7+ 学生一次成像mini7c/mini7s升级 mini7+白色 官方标配版+粉色方格配件盒,54条评价,拍立得经营部
88,￥1199.00,富士instax 一次成像立拍立得 CCD智能相机PAL 拍照精灵 学生玩具相机 礼盒套装 绅士黑（限定款）,81条评价,富士instax京东自营旗舰店
89,￥1549.00,富士（FUJIFILM）instax mini Evo 拍立得 一次成像相机 立拍立得迷你evo 黑色 USB充电口,200+条评价,蜗牛国际数码海外官方旗舰店
90,￥10199.00,富士（FUJIFILM） x-t30II xt30二代 微单电数码相机vlog自拍复古美颜照相机 XT30(15-45)二代银 豪华套餐,23条评价,艺帝数码专营店
91,￥659.00,富士instax mini12一次成像拍立得相机mini12（11升级版） 浅樱粉 官配：含影像花室配件盒,5000+条评价,富士恒敏专卖店
92,￥833.00,富士instax mini12一次成像拍立得相机mini12（11升级版） 薄荷绿 套餐4：官配+40张+保护壳+相框+束口袋,5000+条评价,富士恒敏专卖店
93,￥1048.00,富士instax mini40一次成像拍立得相机mini40立拍立得 40黑套餐1：礼盒官配+10张+保护壳+相框+相册,1000+条评价,富士恒敏专卖店
94,￥599.00,"京东国际
Fujifilm/富士 instax mini11一次成像拍立得男女学生可爱胶卷美颜套装晴空蓝 MINI11晴空蓝 礼盒标配（含10张相纸）",42条评价,VALUE DISTRIBUTION数码海外专营店
95,￥468.00,Fujifilm/富士立拍立得mini11一次成像相机mini9升级 mini7+蓝色 官方标配单相机,200+条评价,拍立得经营部
96,￥13999.00,富士（FUJIFILM）X-T5 XT5 微单数码相机 Vlog 防抖6K视频XT4升级 富士XT5单机身 黑色 海外版,2条评价,家税数码买手店
97,￥899.00,富士instax 一次成像立拍立得 CCD智能相机PAL 拍照精灵 学生玩具相机 礼盒套装 多肉绿,81条评价,富士instax京东自营旗舰店
98,￥696.00,富士 INSTAX mini12拍立得相纸一次成像相机mini11升级款网红拍照 mini12浅樱粉+20张相纸 官方标配,62条评价,京信数码买手店
99,￥1299.00,富士（FUJIFILM） 拍立得mini LiPlay数模一次成像相机（具有手机照片打印功能） 石英白 官方标配,1000+条评价,XWXS官方旗舰店
100,￥1549.00,"京东国际
富士（FUJIFILM） 拍立得mini EVO一次成像相机可拍照可打印 复古黑 带USB",0条评价,数码海外京东自营专区
101,￥1256.00,富士instax立拍立得 一次成像相机 SQUARE SQ1 云母白 套餐2：官配+40张相纸+旺旺冰箱贴相框+收纳盒,1000+条评价,富士恒敏专卖店
102,￥8499.00,富士（FUJIFILM）xs10 x-s10 xs-10微单数码相机 4K Vlog直播防抖 富士XS10单机身 海外版,2条评价,家税数码买手店
103,￥949.00,富士（FUJIFILM） 拍立得新品mini40一世风靡礼盒相纸周边一次成像立拍立得自动曝光生日礼物 mini40盛世唐韵礼盒 官方标配【含相纸+配件】,1000+条评价,XWXS官方旗舰店
104,￥1599.00,"京东国际
FUJIFILM 富士 instax mini90 拍立得 一次成像相机 立拍立得迷你90礼物 mini90 棕色+10张相纸",1000+条评价,蜗牛国际数码海外官方旗舰店
105,￥1428.00,"京东国际
FUJIFILM 富士 instax mini90 拍立得 一次成像相机 立拍立得迷你90礼物 mini90 黑色",1000+条评价,蜗牛国际数码海外官方旗舰店
106,￥833.00,富士instax mini12一次成像拍立得相机mini12（11升级版） 鸢尾紫 套餐4：官配+40张+保护壳+相框+束口袋,5000+条评价,富士恒敏专卖店
107,￥889.00,富士instax mini12一次成像拍立得相机mini12（11升级版） 茉莉白 哈利波特魔法学院礼盒版,5000+条评价,富士恒敏专卖店
108,￥9499.00,富士（FUJIFILM）xs-10微单 数码照相机 富士相机xs10 富士XS10+15-45套机 海外版,4条评价,安合买手店
109,￥1399.00,"京品数码
富士instax立拍立得 一次成像相机 mini LiPlay 石英白念知音礼盒",1万+条评价,富士instax京东自营旗舰店
110,￥1916.00,"京东国际
富士拍（FUJIFILM）立得wide300 相机宽幅5照片 wide300 黑色 套餐二 标配+20张相纸",2条评价,CKGO海外旗舰店
111,￥659.00,富士instax立拍立得mini12一次成像相机傻瓜旅游照相机相纸 莱莉白 官方标配,500+条评价,哆啦有货旗舰店
112,￥999.00,富士（FUJIFILM） mini40相机含拍立得相纸一次成像礼盒装 一世风靡单机 一世风靡礼盒 官方标配,200+条评价,哆啦有货旗舰店
113,￥800.00,富士instax mini12一次成像拍立得相机mini12（11升级版） 薄荷绿 套餐3：官配+30张+保护壳+相框+束口袋,5000+条评价,富士恒敏专卖店
114,￥42800.00,富士（FUJIFILM） GFX100S 无反中画幅相机 微单相机 1亿200万像素5轴防抖 GF45-100mmF4 R LM OIS WR,45条评价,爱深博影像旗舰店
115,￥1469.00,"京东国际
富士（FUJIFILM） instax mini90 拍立得相机一次成像复古款迷你胶片 mini90 棕色",200+条评价,ZHIHUITONG海外专营店
116,￥1160.00,富士拍立得 instax WIDE300 5英寸 宽幅相机 立易拍得 一次成像 Wide300黑色+10张Wide白边相纸,18条评价,风富图工作室
117,￥708.00,富士instax mini12一次成像拍立得相机mini12（11升级版） 茉莉白 套餐1：官配+10张相纸+相纸保护套+贴纸+角贴,5000+条评价,富士恒敏专卖店
118,￥1149.00,"京东国际
富士instax立拍立得 一次成像相机 宽幅大视野 WIDE300 黑色 WIDE300 黑色",31条评价,蜗牛国际数码海外官方旗舰店
119,￥1661.00,富士（FUJIFILM） 拍立得mini EVO数模一体相机复古设计多种镜头效果可拍照可打印 新品-复古黑 相纸套餐【标配+相纸40张+镜头盖】,100+条评价,XWXS官方旗舰店
120,￥10199.00,富士（FUJIFILM） x-t30II xt30二代 微单电数码相机vlog自拍复古美颜照相机 XT30(15-45)二代银 豪华套餐,23条评价,艺帝数码专营店
121,￥659.00,富士instax mini12一次成像拍立得相机mini12（11升级版） 浅樱粉 官配：含影像花室配件盒,5000+条评价,富士恒敏专卖店
122,￥833.00,富士instax mini12一次成像拍立得相机mini12（11升级版） 薄荷绿 套餐4：官配+40张+保护壳+相框+束口袋,5000+条评价,富士恒敏专卖店
123,￥1048.00,富士instax mini40一次成像拍立得相机mini40立拍立得 40黑套餐1：礼盒官配+10张+保护壳+相框+相册,1000+条评价,富士恒敏专卖店
124,￥599.00,"京东国际
Fujifilm/富士 instax mini11一次成像拍立得男女学生可爱胶卷美颜套装晴空蓝 MINI11晴空蓝 礼盒标配（含10张相纸）",42条评价,VALUE DISTRIBUTION数码海外专营店
125,￥468.00,Fujifilm/富士立拍立得mini11一次成像相机mini9升级 mini7+蓝色 官方标配单相机,200+条评价,拍立得经营部
126,￥13999.00,富士（FUJIFILM）X-T5 XT5 微单数码相机 Vlog 防抖6K视频XT4升级 富士XT5单机身 黑色 海外版,2条评价,家税数码买手店
127,￥899.00,富士instax 一次成像立拍立得 CCD智能相机PAL 拍照精灵 学生玩具相机 礼盒套装 多肉绿,81条评价,富士instax京东自营旗舰店
128,￥696.00,富士 INSTAX mini12拍立得相纸一次成像相机mini11升级款网红拍照 mini12浅樱粉+20张相纸 官方标配,62条评价,京信数码买手店
129,￥1299.00,富士（FUJIFILM） 拍立得mini LiPlay数模一次成像相机（具有手机照片打印功能） 石英白 官方标配,1000+条评价,XWXS官方旗舰店
130,￥1549.00,"京东国际
富士（FUJIFILM） 拍立得mini EVO一次成像相机可拍照可打印 复古黑 带USB",0条评价,数码海外京东自营专区
131,￥1256.00,富士instax立拍立得 一次成像相机 SQUARE SQ1 云母白 套餐2：官配+40张相纸+旺旺冰箱贴相框+收纳盒,1000+条评价,富士恒敏专卖店
132,￥8499.00,富士（FUJIFILM）xs10 x-s10 xs-10微单数码相机 4K Vlog直播防抖 富士XS10单机身 海外版,2条评价,家税数码买手店
133,￥949.00,富士（FUJIFILM） 拍立得新品mini40一世风靡礼盒相纸周边一次成像立拍立得自动曝光生日礼物 mini40盛世唐韵礼盒 官方标配【含相纸+配件】,1000+条评价,XWXS官方旗舰店
134,￥1599.00,"京东国际
FUJIFILM 富士 instax mini90 拍立得 一次成像相机 立拍立得迷你90礼物 mini90 棕色+10张相纸",1000+条评价,蜗牛国际数码海外官方旗舰店
135,￥1428.00,"京东国际
FUJIFILM 富士 instax mini90 拍立得 一次成像相机 立拍立得迷你90礼物 mini90 黑色",1000+条评价,蜗牛国际数码海外官方旗舰店
136,￥833.00,富士instax mini12一次成像拍立得相机mini12（11升级版） 鸢尾紫 套餐4：官配+40张+保护壳+相框+束口袋,5000+条评价,富士恒敏专卖店
137,￥889.00,富士instax mini12一次成像拍立得相机mini12（11升级版） 茉莉白 哈利波特魔法学院礼盒版,5000+条评价,富士恒敏专卖店
138,￥9499.00,富士（FUJIFILM）xs-10微单 数码照相机 富士相机xs10 富士XS10+15-45套机 海外版,4条评价,安合买手店
139,￥1399.00,"京品数码
富士instax立拍立得 一次成像相机 mini LiPlay 石英白念知音礼盒",1万+条评价,富士instax京东自营旗舰店
140,￥1916.00,"京东国际
富士拍（FUJIFILM）立得wide300 相机宽幅5照片 wide300 黑色 套餐二 标配+20张相纸",2条评价,CKGO海外旗舰店
141,￥659.00,富士instax立拍立得mini12一次成像相机傻瓜旅游照相机相纸 莱莉白 官方标配,500+条评价,哆啦有货旗舰店
142,￥999.00,富士（FUJIFILM） mini40相机含拍立得相纸一次成像礼盒装 一世风靡单机 一世风靡礼盒 官方标配,200+条评价,哆啦有货旗舰店
143,￥800.00,富士instax mini12一次成像拍立得相机mini12（11升级版） 薄荷绿 套餐3：官配+30张+保护壳+相框+束口袋,5000+条评价,富士恒敏专卖店
144,￥42800.00,富士（FUJIFILM） GFX100S 无反中画幅相机 微单相机 1亿200万像素5轴防抖 GF45-100mmF4 R LM OIS WR,45条评价,爱深博影像旗舰店
145,￥1469.00,"京东国际
富士（FUJIFILM） instax mini90 拍立得相机一次成像复古款迷你胶片 mini90 棕色",200+条评价,ZHIHUITONG海外专营店
146,￥1160.00,富士拍立得 instax WIDE300 5英寸 宽幅相机 立易拍得 一次成像 Wide300黑色+10张Wide白边相纸,18条评价,风富图工作室
147,￥708.00,富士instax mini12一次成像拍立得相机mini12（11升级版） 茉莉白 套餐1：官配+10张相纸+相纸保护套+贴纸+角贴,5000+条评价,富士恒敏专卖店
148,￥1149.00,"京东国际
富士instax立拍立得 一次成像相机 宽幅大视野 WIDE300 黑色 WIDE300 黑色",31条评价,蜗牛国际数码海外官方旗舰店
149,￥1661.00,富士（FUJIFILM） 拍立得mini EVO数模一体相机复古设计多种镜头效果可拍照可打印 新品-复古黑 相纸套餐【标配+相纸40张+镜头盖】,100+条评价,XWXS官方旗舰店
150,￥13699.00,富士（FUJIFILM）xs-20 xs20 x-s20微单数码相机 防抖 xs10升级版 单机身+18-55mm,2000+条评价,京严数码买手店
151,￥708.00,富士instax mini12一次成像拍立得相机mini12（11升级版） 鸢尾紫 套餐1：官配+10张相纸+相纸保护套+贴纸+角贴,5000+条评价,富士恒敏专卖店
152,￥1749.00,富士（FUJIFILM）拍立得instax mini90 40升级复古款一次成像相机 mini90 经典黑 Ins风相框+文艺复古包+相册,2000+条评价,京严数码买手店
153,￥800.00,富士instax mini12一次成像拍立得相机mini12（11升级版） 鸢尾紫 套餐3：官配+30张+保护壳+相框+束口袋,5000+条评价,富士恒敏专卖店
154,￥599.00,Fujifilm/富士立拍立得mini11一次成像相机mini9升级 mini11绯樱粉 （现货闪发） 官方标配单,200+条评价,拍立得经营部
155,￥1459.00,"京东国际
富士（FUJIFILM）拍立得instax mini90 mini40升级款 一次成像相机 日版 黑色",0条评价,ElectronicPartner海外旗舰店
156,￥689.00,富士（FUJIFILM） 拍立得相纸mini8/9/11/12/25/70/40/90/evo通用 拍立得 相纸100张 官方标配,2000+条评价,京严数码买手店
157,￥2299.00,"京东国际
【双十一】富士（FUJIFILM）拍立得相机Instax Mini EVO 一次成像相机多种镜头效果 mini Evo 棕色【+20张相纸】",8条评价,MABC海外官方旗舰店
158,￥509.00,"拍拍
富士拍立得Mini7S/7+/8/9/11/12/25/lipa一次成像二手学生款迷你95新 mini11颜色随机",500+条评价,翼思二手摄影器材专营店
159,￥799.00,富士FUJIFILM instax pal拍照精灵 小巧可爱多色可选 Instax Pal 雪球白【小巧可爱拍照精灵】 官方标配,5条评价,富士旗舰店
160,￥761.00,富士instax mini12一次成像拍立得相机mini12（11升级版） 鸢尾紫 套餐2：官配+20张+保护壳+相框+束口袋,5000+条评价,富士恒敏专卖店
161,￥789.00,富士（FUJIFILM）mini12拍立得相纸一次成像 mini11升级款 mini12 鸢尾紫 Ins风相框+相册+水晶壳+彩虹肩带,1万+条评价,京严数码买手店
162,￥539.00,富士（FUJIFILM） 拍立得相纸mini8/9/11/12/25/70/40/90/evo通用 拍立得 相纸 80张,1万+条评价,京严数码买手店
163,￥468.00,Fujifilm/富士立拍立得mini11一次成像相机mini9升级 mini7+白色 官方标配单相机,200+条评价,拍立得经营部
164,￥1849.00,富士（FUJIFILM）拍立得instax mini90 40升级复古款一次成像相机 mini90 棕色 Ins风相框+文艺复古包+相册,2000+条评价,京严数码买手店
165,￥629.00,富士（FUJIFILM） 拍立得mini7+即时成像相机一次成像旅游照相机立拍立得时尚节日礼物 白色 礼盒套餐【小黄人花花配件盒++相纸20张】,1000+条评价,XWXS官方旗舰店
166,￥1381.00,富士（FUJIFILM） 拍立得mini LiPlay数模一次成像相机（具有手机照片打印功能） 石英白 套餐A【官配+相纸20张+袋+角贴+相纸袋】,1000+条评价,XWXS官方旗舰店
167,￥1661.00,富士（FUJIFILM） 拍立得mini EVO数模一次成像相机复古设计多种镜头效果可拍照可打印 【新品-复古棕】 相纸套餐【标配+相纸40张+镜头盖】,2000+条评价,XWXS官方旗舰店
168,￥15199.00,富士（FUJIFILM）X-T5 XT5 微单数码相机 Vlog 防抖6K视频XT4升级 XT5银色单机身 国际版,1000+条评价,京严数码买手店
169,￥833.00,富士（FUJIFILM） 【新品】拍立得mini12一次成像相机mini11升级版一键拍摄傻瓜照相机 鸢尾紫 套餐D【标配+相纸40张+水晶壳+相框+相册】,500+条评价,XWXS官方旗舰店
170,￥833.00,富士（FUJIFILM） 【新品】拍立得mini12一次成像相机mini11升级版一键拍摄傻瓜照相机 薄荷绿 套餐D【标配+相纸40张+水晶壳+相框+相册】,500+条评价,XWXS官方旗舰店
171,￥799.00,富士instax 一次成像立拍立得 CCD智能相机PAL 猫爪粉 拍照精灵学生玩具相机单机,81条评价,富士instax京东自营旗舰店
172,￥1300.00,富士拍立得 instax WIDE300 5英寸 宽幅相机 立易拍得 一次成像 Wide300黑+20张Wide白边相纸,18条评价,风富图工作室
173,￥899.00,富士（FUJIFILM）拍立得instax mini90 40升级复古款一次成像相机 mini40 黑色 Ins风相框+文艺复古包+相册,2000+条评价,京严数码买手店
174,￥9939.00,富士/FUJIFLM X-S10 xs10复古微单照相机vlog自拍美颜高清摄影二手微单相机 富士X-S10 18-55套机 99成新,100+条评价,鹏宇影视二手数码专营店
175,￥1838.00,富士（FUJIFILM） 拍立得mini EVO数模一次成像相机复古设计多种镜头效果可拍照可打印 【新品-复古棕】 臻享套餐【标配+相纸20+包+补光灯+肩带】,2000+条评价,XWXS官方旗舰店
176,￥1499.00,"京东国际
FUJIFILM 富士 instax mini90 拍立得 一次成像相机 立拍立得迷你90礼物 mini90 棕色",1000+条评价,蜗牛国际数码海外官方旗舰店
177,￥1575.00,"京东国际
富士拍（FUJIFILM）立得wide300 相机宽幅5照片 wide300 黑色 官方标配",2条评价,CKGO海外旗舰店
178,￥699.00,"京东国际
富士（FUJIFILM） instax mini12立拍立得一次成像相机 3英寸相纸一次成像旅游 mini12 薄荷绿",1万+条评价,amazing world海外专营店
179,￥599.00,"京东国际
FUJIFILM/富士 instax mini12立拍立得一次成像相机 生日礼物可爱迷你 MINI12 鸢尾紫 官方标配",200+条评价,VALUE DISTRIBUTION数码海外专营店
180,￥13699.00,富士（FUJIFILM）xs-20 xs20 x-s20微单数码相机 防抖 xs10升级版 单机身+18-55mm,2000+条评价,京严数码买手店
181,￥708.00,富士instax mini12一次成像拍立得相机mini12（11升级版） 鸢尾紫 套餐1：官配+10张相纸+相纸保护套+贴纸+角贴,5000+条评价,富士恒敏专卖店
182,￥1749.00,富士（FUJIFILM）拍立得instax mini90 40升级复古款一次成像相机 mini90 经典黑 Ins风相框+文艺复古包+相册,2000+条评价,京严数码买手店
183,￥800.00,富士instax mini12一次成像拍立得相机mini12（11升级版） 鸢尾紫 套餐3：官配+30张+保护壳+相框+束口袋,5000+条评价,富士恒敏专卖店
184,￥599.00,Fujifilm/富士立拍立得mini11一次成像相机mini9升级 mini11绯樱粉 （现货闪发） 官方标配单,200+条评价,拍立得经营部
185,￥1459.00,"京东国际
富士（FUJIFILM）拍立得instax mini90 mini40升级款 一次成像相机 日版 黑色",0条评价,ElectronicPartner海外旗舰店
186,￥689.00,富士（FUJIFILM） 拍立得相纸mini8/9/11/12/25/70/40/90/evo通用 拍立得 相纸100张 官方标配,2000+条评价,京严数码买手店
187,￥2299.00,"京东国际
【双十一】富士（FUJIFILM）拍立得相机Instax Mini EVO 一次成像相机多种镜头效果 mini Evo 棕色【+20张相纸】",8条评价,MABC海外官方旗舰店
188,￥509.00,"拍拍
富士拍立得Mini7S/7+/8/9/11/12/25/lipa一次成像二手学生款迷你95新 mini11颜色随机",500+条评价,翼思二手摄影器材专营店
189,￥799.00,富士FUJIFILM instax pal拍照精灵 小巧可爱多色可选 Instax Pal 雪球白【小巧可爱拍照精灵】 官方标配,5条评价,富士旗舰店
190,￥761.00,富士instax mini12一次成像拍立得相机mini12（11升级版） 鸢尾紫 套餐2：官配+20张+保护壳+相框+束口袋,5000+条评价,富士恒敏专卖店
191,￥789.00,富士（FUJIFILM）mini12拍立得相纸一次成像 mini11升级款 mini12 鸢尾紫 Ins风相框+相册+水晶壳+彩虹肩带,1万+条评价,京严数码买手店
192,￥539.00,富士（FUJIFILM） 拍立得相纸mini8/9/11/12/25/70/40/90/evo通用 拍立得 相纸 80张,1万+条评价,京严数码买手店
193,￥468.00,Fujifilm/富士立拍立得mini11一次成像相机mini9升级 mini7+白色 官方标配单相机,200+条评价,拍立得经营部
194,￥1849.00,富士（FUJIFILM）拍立得instax mini90 40升级复古款一次成像相机 mini90 棕色 Ins风相框+文艺复古包+相册,2000+条评价,京严数码买手店
195,￥629.00,富士（FUJIFILM） 拍立得mini7+即时成像相机一次成像旅游照相机立拍立得时尚节日礼物 白色 礼盒套餐【小黄人花花配件盒++相纸20张】,1000+条评价,XWXS官方旗舰店
196,￥1381.00,富士（FUJIFILM） 拍立得mini LiPlay数模一次成像相机（具有手机照片打印功能） 石英白 套餐A【官配+相纸20张+袋+角贴+相纸袋】,1000+条评价,XWXS官方旗舰店
197,￥1661.00,富士（FUJIFILM） 拍立得mini EVO数模一次成像相机复古设计多种镜头效果可拍照可打印 【新品-复古棕】 相纸套餐【标配+相纸40张+镜头盖】,2000+条评价,XWXS官方旗舰店
198,￥15199.00,富士（FUJIFILM）X-T5 XT5 微单数码相机 Vlog 防抖6K视频XT4升级 XT5银色单机身 国际版,1000+条评价,京严数码买手店
199,￥833.00,富士（FUJIFILM） 【新品】拍立得mini12一次成像相机mini11升级版一键拍摄傻瓜照相机 鸢尾紫 套餐D【标配+相纸40张+水晶壳+相框+相册】,500+条评价,XWXS官方旗舰店
200,￥833.00,富士（FUJIFILM） 【新品】拍立得mini12一次成像相机mini11升级版一键拍摄傻瓜照相机 薄荷绿 套餐D【标配+相纸40张+水晶壳+相框+相册】,500+条评价,XWXS官方旗舰店
201,￥799.00,富士instax 一次成像立拍立得 CCD智能相机PAL 猫爪粉 拍照精灵学生玩具相机单机,81条评价,富士instax京东自营旗舰店
202,￥1300.00,富士拍立得 instax WIDE300 5英寸 宽幅相机 立易拍得 一次成像 Wide300黑+20张Wide白边相纸,18条评价,风富图工作室
203,￥899.00,富士（FUJIFILM）拍立得instax mini90 40升级复古款一次成像相机 mini40 黑色 Ins风相框+文艺复古包+相册,2000+条评价,京严数码买手店
204,￥9939.00,富士/FUJIFLM X-S10 xs10复古微单照相机vlog自拍美颜高清摄影二手微单相机 富士X-S10 18-55套机 99成新,100+条评价,鹏宇影视二手数码专营店
205,￥1838.00,富士（FUJIFILM） 拍立得mini EVO数模一次成像相机复古设计多种镜头效果可拍照可打印 【新品-复古棕】 臻享套餐【标配+相纸20+包+补光灯+肩带】,2000+条评价,XWXS官方旗舰店
206,￥1499.00,"京东国际
FUJIFILM 富士 instax mini90 拍立得 一次成像相机 立拍立得迷你90礼物 mini90 棕色",1000+条评价,蜗牛国际数码海外官方旗舰店
207,￥1575.00,"京东国际
富士拍（FUJIFILM）立得wide300 相机宽幅5照片 wide300 黑色 官方标配",2条评价,CKGO海外旗舰店
208,￥699.00,"京东国际
富士（FUJIFILM） instax mini12立拍立得一次成像相机 3英寸相纸一次成像旅游 mini12 薄荷绿",1万+条评价,amazing world海外专营店
209,￥599.00,"京东国际
FUJIFILM/富士 instax mini12立拍立得一次成像相机 生日礼物可爱迷你 MINI12 鸢尾紫 官方标配",200+条评价,VALUE DISTRIBUTION数码海外专营店
210,￥13699.00,富士（FUJIFILM）xs-20 xs20 x-s20微单数码相机 防抖 xs10升级版 单机身+18-55mm,2000+条评价,京严数码买手店
211,￥708.00,富士instax mini12一次成像拍立得相机mini12（11升级版） 鸢尾紫 套餐1：官配+10张相纸+相纸保护套+贴纸+角贴,5000+条评价,富士恒敏专卖店
212,￥1749.00,富士（FUJIFILM）拍立得instax mini90 40升级复古款一次成像相机 mini90 经典黑 Ins风相框+文艺复古包+相册,2000+条评价,京严数码买手店
213,￥800.00,富士instax mini12一次成像拍立得相机mini12（11升级版） 鸢尾紫 套餐3：官配+30张+保护壳+相框+束口袋,5000+条评价,富士恒敏专卖店
214,￥599.00,Fujifilm/富士立拍立得mini11一次成像相机mini9升级 mini11绯樱粉 （现货闪发） 官方标配单,200+条评价,拍立得经营部
215,￥1459.00,"京东国际
富士（FUJIFILM）拍立得instax mini90 mini40升级款 一次成像相机 日版 黑色",0条评价,ElectronicPartner海外旗舰店
216,￥689.00,富士（FUJIFILM） 拍立得相纸mini8/9/11/12/25/70/40/90/evo通用 拍立得 相纸100张 官方标配,2000+条评价,京严数码买手店
217,￥2299.00,"京东国际
【双十一】富士（FUJIFILM）拍立得相机Instax Mini EVO 一次成像相机多种镜头效果 mini Evo 棕色【+20张相纸】",8条评价,MABC海外官方旗舰店
218,￥509.00,"拍拍
富士拍立得Mini7S/7+/8/9/11/12/25/lipa一次成像二手学生款迷你95新 mini11颜色随机",500+条评价,翼思二手摄影器材专营店
219,￥799.00,富士FUJIFILM instax pal拍照精灵 小巧可爱多色可选 Instax Pal 雪球白【小巧可爱拍照精灵】 官方标配,5条评价,富士旗舰店
220,￥761.00,富士instax mini12一次成像拍立得相机mini12（11升级版） 鸢尾紫 套餐2：官配+20张+保护壳+相框+束口袋,5000+条评价,富士恒敏专卖店
221,￥789.00,富士（FUJIFILM）mini12拍立得相纸一次成像 mini11升级款 mini12 鸢尾紫 Ins风相框+相册+水晶壳+彩虹肩带,1万+条评价,京严数码买手店
222,￥539.00,富士（FUJIFILM） 拍立得相纸mini8/9/11/12/25/70/40/90/evo通用 拍立得 相纸 80张,1万+条评价,京严数码买手店
223,￥468.00,Fujifilm/富士立拍立得mini11一次成像相机mini9升级 mini7+白色 官方标配单相机,200+条评价,拍立得经营部
224,￥1849.00,富士（FUJIFILM）拍立得instax mini90 40升级复古款一次成像相机 mini90 棕色 Ins风相框+文艺复古包+相册,2000+条评价,京严数码买手店
225,￥629.00,富士（FUJIFILM） 拍立得mini7+即时成像相机一次成像旅游照相机立拍立得时尚节日礼物 白色 礼盒套餐【小黄人花花配件盒++相纸20张】,1000+条评价,XWXS官方旗舰店
226,￥1381.00,富士（FUJIFILM） 拍立得mini LiPlay数模一次成像相机（具有手机照片打印功能） 石英白 套餐A【官配+相纸20张+袋+角贴+相纸袋】,1000+条评价,XWXS官方旗舰店
227,￥1661.00,富士（FUJIFILM） 拍立得mini EVO数模一次成像相机复古设计多种镜头效果可拍照可打印 【新品-复古棕】 相纸套餐【标配+相纸40张+镜头盖】,2000+条评价,XWXS官方旗舰店
228,￥15199.00,富士（FUJIFILM）X-T5 XT5 微单数码相机 Vlog 防抖6K视频XT4升级 XT5银色单机身 国际版,1000+条评价,京严数码买手店
229,￥833.00,富士（FUJIFILM） 【新品】拍立得mini12一次成像相机mini11升级版一键拍摄傻瓜照相机 鸢尾紫 套餐D【标配+相纸40张+水晶壳+相框+相册】,500+条评价,XWXS官方旗舰店
230,￥833.00,富士（FUJIFILM） 【新品】拍立得mini12一次成像相机mini11升级版一键拍摄傻瓜照相机 薄荷绿 套餐D【标配+相纸40张+水晶壳+相框+相册】,500+条评价,XWXS官方旗舰店
231,￥799.00,富士instax 一次成像立拍立得 CCD智能相机PAL 猫爪粉 拍照精灵学生玩具相机单机,81条评价,富士instax京东自营旗舰店
232,￥1300.00,富士拍立得 instax WIDE300 5英寸 宽幅相机 立易拍得 一次成像 Wide300黑+20张Wide白边相纸,18条评价,风富图工作室
233,￥899.00,富士（FUJIFILM）拍立得instax mini90 40升级复古款一次成像相机 mini40 黑色 Ins风相框+文艺复古包+相册,2000+条评价,京严数码买手店
234,￥9939.00,富士/FUJIFLM X-S10 xs10复古微单照相机vlog自拍美颜高清摄影二手微单相机 富士X-S10 18-55套机 99成新,100+条评价,鹏宇影视二手数码专营店
235,￥1838.00,富士（FUJIFILM） 拍立得mini EVO数模一次成像相机复古设计多种镜头效果可拍照可打印 【新品-复古棕】 臻享套餐【标配+相纸20+包+补光灯+肩带】,2000+条评价,XWXS官方旗舰店
236,￥1499.00,"京东国际
FUJIFILM 富士 instax mini90 拍立得 一次成像相机 立拍立得迷你90礼物 mini90 棕色",1000+条评价,蜗牛国际数码海外官方旗舰店
237,￥1575.00,"京东国际
富士拍（FUJIFILM）立得wide300 相机宽幅5照片 wide300 黑色 官方标配",2条评价,CKGO海外旗舰店
238,￥699.00,"京东国际
富士（FUJIFILM） instax mini12立拍立得一次成像相机 3英寸相纸一次成像旅游 mini12 薄荷绿",1万+条评价,amazing world海外专营店
239,￥599.00,"京东国际
FUJIFILM/富士 instax mini12立拍立得一次成像相机 生日礼物可爱迷你 MINI12 鸢尾紫 官方标配",200+条评价,VALUE DISTRIBUTION数码海外专营店
240,￥13699.00,富士（FUJIFILM）xs-20 xs20 x-s20微单数码相机 防抖 xs10升级版 单机身+18-55mm,2000+条评价,京严数码买手店
241,￥708.00,富士instax mini12一次成像拍立得相机mini12（11升级版） 鸢尾紫 套餐1：官配+10张相纸+相纸保护套+贴纸+角贴,5000+条评价,富士恒敏专卖店
242,￥1749.00,富士（FUJIFILM）拍立得instax mini90 40升级复古款一次成像相机 mini90 经典黑 Ins风相框+文艺复古包+相册,2000+条评价,京严数码买手店
243,￥800.00,富士instax mini12一次成像拍立得相机mini12（11升级版） 鸢尾紫 套餐3：官配+30张+保护壳+相框+束口袋,5000+条评价,富士恒敏专卖店
244,￥599.00,Fujifilm/富士立拍立得mini11一次成像相机mini9升级 mini11绯樱粉 （现货闪发） 官方标配单,200+条评价,拍立得经营部
245,￥1459.00,"京东国际
富士（FUJIFILM）拍立得instax mini90 mini40升级款 一次成像相机 日版 黑色",0条评价,ElectronicPartner海外旗舰店
246,￥689.00,富士（FUJIFILM） 拍立得相纸mini8/9/11/12/25/70/40/90/evo通用 拍立得 相纸100张 官方标配,2000+条评价,京严数码买手店
247,￥2299.00,"京东国际
【双十一】富士（FUJIFILM）拍立得相机Instax Mini EVO 一次成像相机多种镜头效果 mini Evo 棕色【+20张相纸】",8条评价,MABC海外官方旗舰店
248,￥509.00,"拍拍
富士拍立得Mini7S/7+/8/9/11/12/25/lipa一次成像二手学生款迷你95新 mini11颜色随机",500+条评价,翼思二手摄影器材专营店
249,￥799.00,富士FUJIFILM instax pal拍照精灵 小巧可爱多色可选 Instax Pal 雪球白【小巧可爱拍照精灵】 官方标配,5条评价,富士旗舰店
250,￥761.00,富士instax mini12一次成像拍立得相机mini12（11升级版） 鸢尾紫 套餐2：官配+20张+保护壳+相框+束口袋,5000+条评价,富士恒敏专卖店
251,￥789.00,富士（FUJIFILM）mini12拍立得相纸一次成像 mini11升级款 mini12 鸢尾紫 Ins风相框+相册+水晶壳+彩虹肩带,1万+条评价,京严数码买手店
252,￥539.00,富士（FUJIFILM） 拍立得相纸mini8/9/11/12/25/70/40/90/evo通用 拍立得 相纸 80张,1万+条评价,京严数码买手店
253,￥468.00,Fujifilm/富士立拍立得mini11一次成像相机mini9升级 mini7+白色 官方标配单相机,200+条评价,拍立得经营部
254,￥1849.00,富士（FUJIFILM）拍立得instax mini90 40升级复古款一次成像相机 mini90 棕色 Ins风相框+文艺复古包+相册,2000+条评价,京严数码买手店
255,￥629.00,富士（FUJIFILM） 拍立得mini7+即时成像相机一次成像旅游照相机立拍立得时尚节日礼物 白色 礼盒套餐【小黄人花花配件盒++相纸20张】,1000+条评价,XWXS官方旗舰店
256,￥1381.00,富士（FUJIFILM） 拍立得mini LiPlay数模一次成像相机（具有手机照片打印功能） 石英白 套餐A【官配+相纸20张+袋+角贴+相纸袋】,1000+条评价,XWXS官方旗舰店
257,￥1661.00,富士（FUJIFILM） 拍立得mini EVO数模一次成像相机复古设计多种镜头效果可拍照可打印 【新品-复古棕】 相纸套餐【标配+相纸40张+镜头盖】,2000+条评价,XWXS官方旗舰店
258,￥15199.00,富士（FUJIFILM）X-T5 XT5 微单数码相机 Vlog 防抖6K视频XT4升级 XT5银色单机身 国际版,1000+条评价,京严数码买手店
259,￥833.00,富士（FUJIFILM） 【新品】拍立得mini12一次成像相机mini11升级版一键拍摄傻瓜照相机 鸢尾紫 套餐D【标配+相纸40张+水晶壳+相框+相册】,500+条评价,XWXS官方旗舰店
260,￥833.00,富士（FUJIFILM） 【新品】拍立得mini12一次成像相机mini11升级版一键拍摄傻瓜照相机 薄荷绿 套餐D【标配+相纸40张+水晶壳+相框+相册】,500+条评价,XWXS官方旗舰店
261,￥799.00,富士instax 一次成像立拍立得 CCD智能相机PAL 猫爪粉 拍照精灵学生玩具相机单机,81条评价,富士instax京东自营旗舰店
262,￥1300.00,富士拍立得 instax WIDE300 5英寸 宽幅相机 立易拍得 一次成像 Wide300黑+20张Wide白边相纸,18条评价,风富图工作室
263,￥899.00,富士（FUJIFILM）拍立得instax mini90 40升级复古款一次成像相机 mini40 黑色 Ins风相框+文艺复古包+相册,2000+条评价,京严数码买手店
264,￥9939.00,富士/FUJIFLM X-S10 xs10复古微单照相机vlog自拍美颜高清摄影二手微单相机 富士X-S10 18-55套机 99成新,100+条评价,鹏宇影视二手数码专营店
265,￥1838.00,富士（FUJIFILM） 拍立得mini EVO数模一次成像相机复古设计多种镜头效果可拍照可打印 【新品-复古棕】 臻享套餐【标配+相纸20+包+补光灯+肩带】,2000+条评价,XWXS官方旗舰店
266,￥1499.00,"京东国际
FUJIFILM 富士 instax mini90 拍立得 一次成像相机 立拍立得迷你90礼物 mini90 棕色",1000+条评价,蜗牛国际数码海外官方旗舰店
267,￥1575.00,"京东国际
富士拍（FUJIFILM）立得wide300 相机宽幅5照片 wide300 黑色 官方标配",2条评价,CKGO海外旗舰店
268,￥699.00,"京东国际
富士（FUJIFILM） instax mini12立拍立得一次成像相机 3英寸相纸一次成像旅游 mini12 薄荷绿",1万+条评价,amazing world海外专营店
269,￥599.00,"京东国际
FUJIFILM/富士 instax mini12立拍立得一次成像相机 生日礼物可爱迷你 MINI12 鸢尾紫 官方标配",200+条评价,VALUE DISTRIBUTION数码海外专营店
270,￥13699.00,富士（FUJIFILM）xs-20 xs20 x-s20微单数码相机 防抖 xs10升级版 单机身+18-55mm,2000+条评价,京严数码买手店
271,￥708.00,富士instax mini12一次成像拍立得相机mini12（11升级版） 鸢尾紫 套餐1：官配+10张相纸+相纸保护套+贴纸+角贴,5000+条评价,富士恒敏专卖店
272,￥1749.00,富士（FUJIFILM）拍立得instax mini90 40升级复古款一次成像相机 mini90 经典黑 Ins风相框+文艺复古包+相册,2000+条评价,京严数码买手店
273,￥800.00,富士instax mini12一次成像拍立得相机mini12（11升级版） 鸢尾紫 套餐3：官配+30张+保护壳+相框+束口袋,5000+条评价,富士恒敏专卖店
274,￥599.00,Fujifilm/富士立拍立得mini11一次成像相机mini9升级 mini11绯樱粉 （现货闪发） 官方标配单,200+条评价,拍立得经营部
275,￥1459.00,"京东国际
富士（FUJIFILM）拍立得instax mini90 mini40升级款 一次成像相机 日版 黑色",0条评价,ElectronicPartner海外旗舰店
276,￥689.00,富士（FUJIFILM） 拍立得相纸mini8/9/11/12/25/70/40/90/evo通用 拍立得 相纸100张 官方标配,2000+条评价,京严数码买手店
277,￥2299.00,"京东国际
【双十一】富士（FUJIFILM）拍立得相机Instax Mini EVO 一次成像相机多种镜头效果 mini Evo 棕色【+20张相纸】",8条评价,MABC海外官方旗舰店
278,￥509.00,"拍拍
富士拍立得Mini7S/7+/8/9/11/12/25/lipa一次成像二手学生款迷你95新 mini11颜色随机",500+条评价,翼思二手摄影器材专营店
279,￥799.00,富士FUJIFILM instax pal拍照精灵 小巧可爱多色可选 Instax Pal 雪球白【小巧可爱拍照精灵】 官方标配,5条评价,富士旗舰店
280,￥761.00,富士instax mini12一次成像拍立得相机mini12（11升级版） 鸢尾紫 套餐2：官配+20张+保护壳+相框+束口袋,5000+条评价,富士恒敏专卖店
281,￥789.00,富士（FUJIFILM）mini12拍立得相纸一次成像 mini11升级款 mini12 鸢尾紫 Ins风相框+相册+水晶壳+彩虹肩带,1万+条评价,京严数码买手店
282,￥539.00,富士（FUJIFILM） 拍立得相纸mini8/9/11/12/25/70/40/90/evo通用 拍立得 相纸 80张,1万+条评价,京严数码买手店
283,￥468.00,Fujifilm/富士立拍立得mini11一次成像相机mini9升级 mini7+白色 官方标配单相机,200+条评价,拍立得经营部
284,￥1849.00,富士（FUJIFILM）拍立得instax mini90 40升级复古款一次成像相机 mini90 棕色 Ins风相框+文艺复古包+相册,2000+条评价,京严数码买手店
285,￥629.00,富士（FUJIFILM） 拍立得mini7+即时成像相机一次成像旅游照相机立拍立得时尚节日礼物 白色 礼盒套餐【小黄人花花配件盒++相纸20张】,1000+条评价,XWXS官方旗舰店
286,￥1381.00,富士（FUJIFILM） 拍立得mini LiPlay数模一次成像相机（具有手机照片打印功能） 石英白 套餐A【官配+相纸20张+袋+角贴+相纸袋】,1000+条评价,XWXS官方旗舰店
287,￥1661.00,富士（FUJIFILM） 拍立得mini EVO数模一次成像相机复古设计多种镜头效果可拍照可打印 【新品-复古棕】 相纸套餐【标配+相纸40张+镜头盖】,2000+条评价,XWXS官方旗舰店
288,￥15199.00,富士（FUJIFILM）X-T5 XT5 微单数码相机 Vlog 防抖6K视频XT4升级 XT5银色单机身 国际版,1000+条评价,京严数码买手店
289,￥833.00,富士（FUJIFILM） 【新品】拍立得mini12一次成像相机mini11升级版一键拍摄傻瓜照相机 鸢尾紫 套餐D【标配+相纸40张+水晶壳+相框+相册】,500+条评价,XWXS官方旗舰店
290,￥833.00,富士（FUJIFILM） 【新品】拍立得mini12一次成像相机mini11升级版一键拍摄傻瓜照相机 薄荷绿 套餐D【标配+相纸40张+水晶壳+相框+相册】,500+条评价,XWXS官方旗舰店
291,￥799.00,富士instax 一次成像立拍立得 CCD智能相机PAL 猫爪粉 拍照精灵学生玩具相机单机,81条评价,富士instax京东自营旗舰店
292,￥1300.00,富士拍立得 instax WIDE300 5英寸 宽幅相机 立易拍得 一次成像 Wide300黑+20张Wide白边相纸,18条评价,风富图工作室
293,￥899.00,富士（FUJIFILM）拍立得instax mini90 40升级复古款一次成像相机 mini40 黑色 Ins风相框+文艺复古包+相册,2000+条评价,京严数码买手店
294,￥9939.00,富士/FUJIFLM X-S10 xs10复古微单照相机vlog自拍美颜高清摄影二手微单相机 富士X-S10 18-55套机 99成新,100+条评价,鹏宇影视二手数码专营店
295,￥1838.00,富士（FUJIFILM） 拍立得mini EVO数模一次成像相机复古设计多种镜头效果可拍照可打印 【新品-复古棕】 臻享套餐【标配+相纸20+包+补光灯+肩带】,2000+条评价,XWXS官方旗舰店
296,￥1499.00,"京东国际
FUJIFILM 富士 instax mini90 拍立得 一次成像相机 立拍立得迷你90礼物 mini90 棕色",1000+条评价,蜗牛国际数码海外官方旗舰店
297,￥1575.00,"京东国际
富士拍（FUJIFILM）立得wide300 相机宽幅5照片 wide300 黑色 官方标配",2条评价,CKGO海外旗舰店
298,￥699.00,"京东国际
富士（FUJIFILM） instax mini12立拍立得一次成像相机 3英寸相纸一次成像旅游 mini12 薄荷绿",1万+条评价,amazing world海外专营店
299,￥599.00,"京东国际
FUJIFILM/富士 instax mini12立拍立得一次成像相机 生日礼物可爱迷你 MINI12 鸢尾紫 官方标配",200+条评价,VALUE DISTRIBUTION数码海外专营店
300,￥13699.00,富士（FUJIFILM）xs-20 xs20 x-s20微单数码相机 防抖 xs10升级版 单机身+18-55mm,2000+条评价,京严数码买手店
301,￥708.00,富士instax mini12一次成像拍立得相机mini12（11升级版） 鸢尾紫 套餐1：官配+10张相纸+相纸保护套+贴纸+角贴,5000+条评价,富士恒敏专卖店
302,￥1749.00,富士（FUJIFILM）拍立得instax mini90 40升级复古款一次成像相机 mini90 经典黑 Ins风相框+文艺复古包+相册,2000+条评价,京严数码买手店
303,￥800.00,富士instax mini12一次成像拍立得相机mini12（11升级版） 鸢尾紫 套餐3：官配+30张+保护壳+相框+束口袋,5000+条评价,富士恒敏专卖店
304,￥599.00,Fujifilm/富士立拍立得mini11一次成像相机mini9升级 mini11绯樱粉 （现货闪发） 官方标配单,200+条评价,拍立得经营部
305,￥1459.00,"京东国际
富士（FUJIFILM）拍立得instax mini90 mini40升级款 一次成像相机 日版 黑色",0条评价,ElectronicPartner海外旗舰店
306,￥689.00,富士（FUJIFILM） 拍立得相纸mini8/9/11/12/25/70/40/90/evo通用 拍立得 相纸100张 官方标配,2000+条评价,京严数码买手店
307,￥2299.00,"京东国际
【双十一】富士（FUJIFILM）拍立得相机Instax Mini EVO 一次成像相机多种镜头效果 mini Evo 棕色【+20张相纸】",8条评价,MABC海外官方旗舰店
308,￥509.00,"拍拍
富士拍立得Mini7S/7+/8/9/11/12/25/lipa一次成像二手学生款迷你95新 mini11颜色随机",500+条评价,翼思二手摄影器材专营店
309,￥799.00,富士FUJIFILM instax pal拍照精灵 小巧可爱多色可选 Instax Pal 雪球白【小巧可爱拍照精灵】 官方标配,5条评价,富士旗舰店
310,￥761.00,富士instax mini12一次成像拍立得相机mini12（11升级版） 鸢尾紫 套餐2：官配+20张+保护壳+相框+束口袋,5000+条评价,富士恒敏专卖店
311,￥789.00,富士（FUJIFILM）mini12拍立得相纸一次成像 mini11升级款 mini12 鸢尾紫 Ins风相框+相册+水晶壳+彩虹肩带,1万+条评价,京严数码买手店
312,￥539.00,富士（FUJIFILM） 拍立得相纸mini8/9/11/12/25/70/40/90/evo通用 拍立得 相纸 80张,1万+条评价,京严数码买手店
313,￥468.00,Fujifilm/富士立拍立得mini11一次成像相机mini9升级 mini7+白色 官方标配单相机,200+条评价,拍立得经营部
314,￥1849.00,富士（FUJIFILM）拍立得instax mini90 40升级复古款一次成像相机 mini90 棕色 Ins风相框+文艺复古包+相册,2000+条评价,京严数码买手店
315,￥629.00,富士（FUJIFILM） 拍立得mini7+即时成像相机一次成像旅游照相机立拍立得时尚节日礼物 白色 礼盒套餐【小黄人花花配件盒++相纸20张】,1000+条评价,XWXS官方旗舰店
316,￥1381.00,富士（FUJIFILM） 拍立得mini LiPlay数模一次成像相机（具有手机照片打印功能） 石英白 套餐A【官配+相纸20张+袋+角贴+相纸袋】,1000+条评价,XWXS官方旗舰店
317,￥1661.00,富士（FUJIFILM） 拍立得mini EVO数模一次成像相机复古设计多种镜头效果可拍照可打印 【新品-复古棕】 相纸套餐【标配+相纸40张+镜头盖】,2000+条评价,XWXS官方旗舰店
318,￥15199.00,富士（FUJIFILM）X-T5 XT5 微单数码相机 Vlog 防抖6K视频XT4升级 XT5银色单机身 国际版,1000+条评价,京严数码买手店
319,￥833.00,富士（FUJIFILM） 【新品】拍立得mini12一次成像相机mini11升级版一键拍摄傻瓜照相机 鸢尾紫 套餐D【标配+相纸40张+水晶壳+相框+相册】,500+条评价,XWXS官方旗舰店
320,￥833.00,富士（FUJIFILM） 【新品】拍立得mini12一次成像相机mini11升级版一键拍摄傻瓜照相机 薄荷绿 套餐D【标配+相纸40张+水晶壳+相框+相册】,500+条评价,XWXS官方旗舰店
321,￥799.00,富士instax 一次成像立拍立得 CCD智能相机PAL 猫爪粉 拍照精灵学生玩具相机单机,81条评价,富士instax京东自营旗舰店
322,￥1300.00,富士拍立得 instax WIDE300 5英寸 宽幅相机 立易拍得 一次成像 Wide300黑+20张Wide白边相纸,18条评价,风富图工作室
323,￥899.00,富士（FUJIFILM）拍立得instax mini90 40升级复古款一次成像相机 mini40 黑色 Ins风相框+文艺复古包+相册,2000+条评价,京严数码买手店
324,￥9939.00,富士/FUJIFLM X-S10 xs10复古微单照相机vlog自拍美颜高清摄影二手微单相机 富士X-S10 18-55套机 99成新,100+条评价,鹏宇影视二手数码专营店
325,￥1838.00,富士（FUJIFILM） 拍立得mini EVO数模一次成像相机复古设计多种镜头效果可拍照可打印 【新品-复古棕】 臻享套餐【标配+相纸20+包+补光灯+肩带】,2000+条评价,XWXS官方旗舰店
326,￥1499.00,"京东国际
FUJIFILM 富士 instax mini90 拍立得 一次成像相机 立拍立得迷你90礼物 mini90 棕色",1000+条评价,蜗牛国际数码海外官方旗舰店
327,￥1575.00,"京东国际
富士拍（FUJIFILM）立得wide300 相机宽幅5照片 wide300 黑色 官方标配",2条评价,CKGO海外旗舰店
328,￥699.00,"京东国际
富士（FUJIFILM） instax mini12立拍立得一次成像相机 3英寸相纸一次成像旅游 mini12 薄荷绿",1万+条评价,amazing world海外专营店
329,￥599.00,"京东国际
FUJIFILM/富士 instax mini12立拍立得一次成像相机 生日礼物可爱迷你 MINI12 鸢尾紫 官方标配",200+条评价,VALUE DISTRIBUTION数码海外专营店
330,￥13699.00,富士（FUJIFILM）xs-20 xs20 x-s20微单数码相机 防抖 xs10升级版 单机身+18-55mm,2000+条评价,京严数码买手店
331,￥708.00,富士instax mini12一次成像拍立得相机mini12（11升级版） 鸢尾紫 套餐1：官配+10张相纸+相纸保护套+贴纸+角贴,5000+条评价,富士恒敏专卖店
332,￥1749.00,富士（FUJIFILM）拍立得instax mini90 40升级复古款一次成像相机 mini90 经典黑 Ins风相框+文艺复古包+相册,2000+条评价,京严数码买手店
333,￥800.00,富士instax mini12一次成像拍立得相机mini12（11升级版） 鸢尾紫 套餐3：官配+30张+保护壳+相框+束口袋,5000+条评价,富士恒敏专卖店
334,￥599.00,Fujifilm/富士立拍立得mini11一次成像相机mini9升级 mini11绯樱粉 （现货闪发） 官方标配单,200+条评价,拍立得经营部
335,￥1459.00,"京东国际
富士（FUJIFILM）拍立得instax mini90 mini40升级款 一次成像相机 日版 黑色",0条评价,ElectronicPartner海外旗舰店
336,￥689.00,富士（FUJIFILM） 拍立得相纸mini8/9/11/12/25/70/40/90/evo通用 拍立得 相纸100张 官方标配,2000+条评价,京严数码买手店
337,￥2299.00,"京东国际
【双十一】富士（FUJIFILM）拍立得相机Instax Mini EVO 一次成像相机多种镜头效果 mini Evo 棕色【+20张相纸】",8条评价,MABC海外官方旗舰店
338,￥509.00,"拍拍
富士拍立得Mini7S/7+/8/9/11/12/25/lipa一次成像二手学生款迷你95新 mini11颜色随机",500+条评价,翼思二手摄影器材专营店
339,￥799.00,富士FUJIFILM instax pal拍照精灵 小巧可爱多色可选 Instax Pal 雪球白【小巧可爱拍照精灵】 官方标配,5条评价,富士旗舰店
340,￥761.00,富士instax mini12一次成像拍立得相机mini12（11升级版） 鸢尾紫 套餐2：官配+20张+保护壳+相框+束口袋,5000+条评价,富士恒敏专卖店
341,￥789.00,富士（FUJIFILM）mini12拍立得相纸一次成像 mini11升级款 mini12 鸢尾紫 Ins风相框+相册+水晶壳+彩虹肩带,1万+条评价,京严数码买手店
342,￥539.00,富士（FUJIFILM） 拍立得相纸mini8/9/11/12/25/70/40/90/evo通用 拍立得 相纸 80张,1万+条评价,京严数码买手店
343,￥468.00,Fujifilm/富士立拍立得mini11一次成像相机mini9升级 mini7+白色 官方标配单相机,200+条评价,拍立得经营部
344,￥1849.00,富士（FUJIFILM）拍立得instax mini90 40升级复古款一次成像相机 mini90 棕色 Ins风相框+文艺复古包+相册,2000+条评价,京严数码买手店
345,￥629.00,富士（FUJIFILM） 拍立得mini7+即时成像相机一次成像旅游照相机立拍立得时尚节日礼物 白色 礼盒套餐【小黄人花花配件盒++相纸20张】,1000+条评价,XWXS官方旗舰店
346,￥1381.00,富士（FUJIFILM） 拍立得mini LiPlay数模一次成像相机（具有手机照片打印功能） 石英白 套餐A【官配+相纸20张+袋+角贴+相纸袋】,1000+条评价,XWXS官方旗舰店
347,￥1661.00,富士（FUJIFILM） 拍立得mini EVO数模一次成像相机复古设计多种镜头效果可拍照可打印 【新品-复古棕】 相纸套餐【标配+相纸40张+镜头盖】,2000+条评价,XWXS官方旗舰店
348,￥15199.00,富士（FUJIFILM）X-T5 XT5 微单数码相机 Vlog 防抖6K视频XT4升级 XT5银色单机身 国际版,1000+条评价,京严数码买手店
349,￥833.00,富士（FUJIFILM） 【新品】拍立得mini12一次成像相机mini11升级版一键拍摄傻瓜照相机 鸢尾紫 套餐D【标配+相纸40张+水晶壳+相框+相册】,500+条评价,XWXS官方旗舰店
350,￥833.00,富士（FUJIFILM） 【新品】拍立得mini12一次成像相机mini11升级版一键拍摄傻瓜照相机 薄荷绿 套餐D【标配+相纸40张+水晶壳+相框+相册】,500+条评价,XWXS官方旗舰店
351,￥799.00,富士instax 一次成像立拍立得 CCD智能相机PAL 猫爪粉 拍照精灵学生玩具相机单机,81条评价,富士instax京东自营旗舰店
352,￥1300.00,富士拍立得 instax WIDE300 5英寸 宽幅相机 立易拍得 一次成像 Wide300黑+20张Wide白边相纸,18条评价,风富图工作室
353,￥899.00,富士（FUJIFILM）拍立得instax mini90 40升级复古款一次成像相机 mini40 黑色 Ins风相框+文艺复古包+相册,2000+条评价,京严数码买手店
354,￥9939.00,富士/FUJIFLM X-S10 xs10复古微单照相机vlog自拍美颜高清摄影二手微单相机 富士X-S10 18-55套机 99成新,100+条评价,鹏宇影视二手数码专营店
355,￥1838.00,富士（FUJIFILM） 拍立得mini EVO数模一次成像相机复古设计多种镜头效果可拍照可打印 【新品-复古棕】 臻享套餐【标配+相纸20+包+补光灯+肩带】,2000+条评价,XWXS官方旗舰店
356,￥1499.00,"京东国际
FUJIFILM 富士 instax mini90 拍立得 一次成像相机 立拍立得迷你90礼物 mini90 棕色",1000+条评价,蜗牛国际数码海外官方旗舰店
357,￥1575.00,"京东国际
富士拍（FUJIFILM）立得wide300 相机宽幅5照片 wide300 黑色 官方标配",2条评价,CKGO海外旗舰店
358,￥699.00,"京东国际
富士（FUJIFILM） instax mini12立拍立得一次成像相机 3英寸相纸一次成像旅游 mini12 薄荷绿",1万+条评价,amazing world海外专营店
359,￥599.00,"京东国际
FUJIFILM/富士 instax mini12立拍立得一次成像相机 生日礼物可爱迷你 MINI12 鸢尾紫 官方标配",200+条评价,VALUE DISTRIBUTION数码海外专营店
360,￥13699.00,富士（FUJIFILM）xs-20 xs20 x-s20微单数码相机 防抖 xs10升级版 单机身+18-55mm,2000+条评价,京严数码买手店
361,￥708.00,富士instax mini12一次成像拍立得相机mini12（11升级版） 鸢尾紫 套餐1：官配+10张相纸+相纸保护套+贴纸+角贴,5000+条评价,富士恒敏专卖店
362,￥1749.00,富士（FUJIFILM）拍立得instax mini90 40升级复古款一次成像相机 mini90 经典黑 Ins风相框+文艺复古包+相册,2000+条评价,京严数码买手店
363,￥800.00,富士instax mini12一次成像拍立得相机mini12（11升级版） 鸢尾紫 套餐3：官配+30张+保护壳+相框+束口袋,5000+条评价,富士恒敏专卖店
364,￥599.00,Fujifilm/富士立拍立得mini11一次成像相机mini9升级 mini11绯樱粉 （现货闪发） 官方标配单,200+条评价,拍立得经营部
365,￥1459.00,"京东国际
富士（FUJIFILM）拍立得instax mini90 mini40升级款 一次成像相机 日版 黑色",0条评价,ElectronicPartner海外旗舰店
366,￥689.00,富士（FUJIFILM） 拍立得相纸mini8/9/11/12/25/70/40/90/evo通用 拍立得 相纸100张 官方标配,2000+条评价,京严数码买手店
367,￥2299.00,"京东国际
【双十一】富士（FUJIFILM）拍立得相机Instax Mini EVO 一次成像相机多种镜头效果 mini Evo 棕色【+20张相纸】",8条评价,MABC海外官方旗舰店
368,￥509.00,"拍拍
富士拍立得Mini7S/7+/8/9/11/12/25/lipa一次成像二手学生款迷你95新 mini11颜色随机",500+条评价,翼思二手摄影器材专营店
369,￥799.00,富士FUJIFILM instax pal拍照精灵 小巧可爱多色可选 Instax Pal 雪球白【小巧可爱拍照精灵】 官方标配,5条评价,富士旗舰店
370,￥761.00,富士instax mini12一次成像拍立得相机mini12（11升级版） 鸢尾紫 套餐2：官配+20张+保护壳+相框+束口袋,5000+条评价,富士恒敏专卖店
371,￥789.00,富士（FUJIFILM）mini12拍立得相纸一次成像 mini11升级款 mini12 鸢尾紫 Ins风相框+相册+水晶壳+彩虹肩带,1万+条评价,京严数码买手店
372,￥539.00,富士（FUJIFILM） 拍立得相纸mini8/9/11/12/25/70/40/90/evo通用 拍立得 相纸 80张,1万+条评价,京严数码买手店
373,￥468.00,Fujifilm/富士立拍立得mini11一次成像相机mini9升级 mini7+白色 官方标配单相机,200+条评价,拍立得经营部
374,￥1849.00,富士（FUJIFILM）拍立得instax mini90 40升级复古款一次成像相机 mini90 棕色 Ins风相框+文艺复古包+相册,2000+条评价,京严数码买手店
375,￥629.00,富士（FUJIFILM） 拍立得mini7+即时成像相机一次成像旅游照相机立拍立得时尚节日礼物 白色 礼盒套餐【小黄人花花配件盒++相纸20张】,1000+条评价,XWXS官方旗舰店
376,￥1381.00,富士（FUJIFILM） 拍立得mini LiPlay数模一次成像相机（具有手机照片打印功能） 石英白 套餐A【官配+相纸20张+袋+角贴+相纸袋】,1000+条评价,XWXS官方旗舰店
377,￥1661.00,富士（FUJIFILM） 拍立得mini EVO数模一次成像相机复古设计多种镜头效果可拍照可打印 【新品-复古棕】 相纸套餐【标配+相纸40张+镜头盖】,2000+条评价,XWXS官方旗舰店
378,￥15199.00,富士（FUJIFILM）X-T5 XT5 微单数码相机 Vlog 防抖6K视频XT4升级 XT5银色单机身 国际版,1000+条评价,京严数码买手店
379,￥833.00,富士（FUJIFILM） 【新品】拍立得mini12一次成像相机mini11升级版一键拍摄傻瓜照相机 鸢尾紫 套餐D【标配+相纸40张+水晶壳+相框+相册】,500+条评价,XWXS官方旗舰店
380,￥833.00,富士（FUJIFILM） 【新品】拍立得mini12一次成像相机mini11升级版一键拍摄傻瓜照相机 薄荷绿 套餐D【标配+相纸40张+水晶壳+相框+相册】,500+条评价,XWXS官方旗舰店
381,￥799.00,富士instax 一次成像立拍立得 CCD智能相机PAL 猫爪粉 拍照精灵学生玩具相机单机,81条评价,富士instax京东自营旗舰店
382,￥1300.00,富士拍立得 instax WIDE300 5英寸 宽幅相机 立易拍得 一次成像 Wide300黑+20张Wide白边相纸,18条评价,风富图工作室
383,￥899.00,富士（FUJIFILM）拍立得instax mini90 40升级复古款一次成像相机 mini40 黑色 Ins风相框+文艺复古包+相册,2000+条评价,京严数码买手店
384,￥9939.00,富士/FUJIFLM X-S10 xs10复古微单照相机vlog自拍美颜高清摄影二手微单相机 富士X-S10 18-55套机 99成新,100+条评价,鹏宇影视二手数码专营店
385,￥1838.00,富士（FUJIFILM） 拍立得mini EVO数模一次成像相机复古设计多种镜头效果可拍照可打印 【新品-复古棕】 臻享套餐【标配+相纸20+包+补光灯+肩带】,2000+条评价,XWXS官方旗舰店
386,￥1499.00,"京东国际
FUJIFILM 富士 instax mini90 拍立得 一次成像相机 立拍立得迷你90礼物 mini90 棕色",1000+条评价,蜗牛国际数码海外官方旗舰店
387,￥1575.00,"京东国际
富士拍（FUJIFILM）立得wide300 相机宽幅5照片 wide300 黑色 官方标配",2条评价,CKGO海外旗舰店
388,￥699.00,"京东国际
富士（FUJIFILM） instax mini12立拍立得一次成像相机 3英寸相纸一次成像旅游 mini12 薄荷绿",1万+条评价,amazing world海外专营店
389,￥599.00,"京东国际
FUJIFILM/富士 instax mini12立拍立得一次成像相机 生日礼物可爱迷你 MINI12 鸢尾紫 官方标配",200+条评价,VALUE DISTRIBUTION数码海外专营店
390,￥13699.00,富士（FUJIFILM）xs-20 xs20 x-s20微单数码相机 防抖 xs10升级版 单机身+18-55mm,2000+条评价,京严数码买手店
391,￥708.00,富士instax mini12一次成像拍立得相机mini12（11升级版） 鸢尾紫 套餐1：官配+10张相纸+相纸保护套+贴纸+角贴,5000+条评价,富士恒敏专卖店
392,￥1749.00,富士（FUJIFILM）拍立得instax mini90 40升级复古款一次成像相机 mini90 经典黑 Ins风相框+文艺复古包+相册,2000+条评价,京严数码买手店
393,￥800.00,富士instax mini12一次成像拍立得相机mini12（11升级版） 鸢尾紫 套餐3：官配+30张+保护壳+相框+束口袋,5000+条评价,富士恒敏专卖店
394,￥599.00,Fujifilm/富士立拍立得mini11一次成像相机mini9升级 mini11绯樱粉 （现货闪发） 官方标配单,200+条评价,拍立得经营部
395,￥1459.00,"京东国际
富士（FUJIFILM）拍立得instax mini90 mini40升级款 一次成像相机 日版 黑色",0条评价,ElectronicPartner海外旗舰店
396,￥689.00,富士（FUJIFILM） 拍立得相纸mini8/9/11/12/25/70/40/90/evo通用 拍立得 相纸100张 官方标配,2000+条评价,京严数码买手店
397,￥2299.00,"京东国际
【双十一】富士（FUJIFILM）拍立得相机Instax Mini EVO 一次成像相机多种镜头效果 mini Evo 棕色【+20张相纸】",8条评价,MABC海外官方旗舰店
398,￥509.00,"拍拍
富士拍立得Mini7S/7+/8/9/11/12/25/lipa一次成像二手学生款迷你95新 mini11颜色随机",500+条评价,翼思二手摄影器材专营店
399,￥799.00,富士FUJIFILM instax pal拍照精灵 小巧可爱多色可选 Instax Pal 雪球白【小巧可爱拍照精灵】 官方标配,5条评价,富士旗舰店
400,￥761.00,富士instax mini12一次成像拍立得相机mini12（11升级版） 鸢尾紫 套餐2：官配+20张+保护壳+相框+束口袋,5000+条评价,富士恒敏专卖店
401,￥789.00,富士（FUJIFILM）mini12拍立得相纸一次成像 mini11升级款 mini12 鸢尾紫 Ins风相框+相册+水晶壳+彩虹肩带,1万+条评价,京严数码买手店
402,￥539.00,富士（FUJIFILM） 拍立得相纸mini8/9/11/12/25/70/40/90/evo通用 拍立得 相纸 80张,1万+条评价,京严数码买手店
403,￥468.00,Fujifilm/富士立拍立得mini11一次成像相机mini9升级 mini7+白色 官方标配单相机,200+条评价,拍立得经营部
404,￥1849.00,富士（FUJIFILM）拍立得instax mini90 40升级复古款一次成像相机 mini90 棕色 Ins风相框+文艺复古包+相册,2000+条评价,京严数码买手店
405,￥629.00,富士（FUJIFILM） 拍立得mini7+即时成像相机一次成像旅游照相机立拍立得时尚节日礼物 白色 礼盒套餐【小黄人花花配件盒++相纸20张】,1000+条评价,XWXS官方旗舰店
406,￥1381.00,富士（FUJIFILM） 拍立得mini LiPlay数模一次成像相机（具有手机照片打印功能） 石英白 套餐A【官配+相纸20张+袋+角贴+相纸袋】,1000+条评价,XWXS官方旗舰店
407,￥1661.00,富士（FUJIFILM） 拍立得mini EVO数模一次成像相机复古设计多种镜头效果可拍照可打印 【新品-复古棕】 相纸套餐【标配+相纸40张+镜头盖】,2000+条评价,XWXS官方旗舰店
408,￥15199.00,富士（FUJIFILM）X-T5 XT5 微单数码相机 Vlog 防抖6K视频XT4升级 XT5银色单机身 国际版,1000+条评价,京严数码买手店
409,￥833.00,富士（FUJIFILM） 【新品】拍立得mini12一次成像相机mini11升级版一键拍摄傻瓜照相机 鸢尾紫 套餐D【标配+相纸40张+水晶壳+相框+相册】,500+条评价,XWXS官方旗舰店
410,￥833.00,富士（FUJIFILM） 【新品】拍立得mini12一次成像相机mini11升级版一键拍摄傻瓜照相机 薄荷绿 套餐D【标配+相纸40张+水晶壳+相框+相册】,500+条评价,XWXS官方旗舰店
411,￥799.00,富士instax 一次成像立拍立得 CCD智能相机PAL 猫爪粉 拍照精灵学生玩具相机单机,81条评价,富士instax京东自营旗舰店
412,￥1300.00,富士拍立得 instax WIDE300 5英寸 宽幅相机 立易拍得 一次成像 Wide300黑+20张Wide白边相纸,18条评价,风富图工作室
413,￥899.00,富士（FUJIFILM）拍立得instax mini90 40升级复古款一次成像相机 mini40 黑色 Ins风相框+文艺复古包+相册,2000+条评价,京严数码买手店
414,￥9939.00,富士/FUJIFLM X-S10 xs10复古微单照相机vlog自拍美颜高清摄影二手微单相机 富士X-S10 18-55套机 99成新,100+条评价,鹏宇影视二手数码专营店
415,￥1838.00,富士（FUJIFILM） 拍立得mini EVO数模一次成像相机复古设计多种镜头效果可拍照可打印 【新品-复古棕】 臻享套餐【标配+相纸20+包+补光灯+肩带】,2000+条评价,XWXS官方旗舰店
416,￥1499.00,"京东国际
FUJIFILM 富士 instax mini90 拍立得 一次成像相机 立拍立得迷你90礼物 mini90 棕色",1000+条评价,蜗牛国际数码海外官方旗舰店
417,￥1575.00,"京东国际
富士拍（FUJIFILM）立得wide300 相机宽幅5照片 wide300 黑色 官方标配",2条评价,CKGO海外旗舰店
418,￥699.00,"京东国际
富士（FUJIFILM） instax mini12立拍立得一次成像相机 3英寸相纸一次成像旅游 mini12 薄荷绿",1万+条评价,amazing world海外专营店
419,￥599.00,"京东国际
FUJIFILM/富士 instax mini12立拍立得一次成像相机 生日礼物可爱迷你 MINI12 鸢尾紫 官方标配",200+条评价,VALUE DISTRIBUTION数码海外专营店
420,￥13699.00,富士（FUJIFILM）xs-20 xs20 x-s20微单数码相机 防抖 xs10升级版 单机身+18-55mm,2000+条评价,京严数码买手店
421,￥708.00,富士instax mini12一次成像拍立得相机mini12（11升级版） 鸢尾紫 套餐1：官配+10张相纸+相纸保护套+贴纸+角贴,5000+条评价,富士恒敏专卖店
422,￥1749.00,富士（FUJIFILM）拍立得instax mini90 40升级复古款一次成像相机 mini90 经典黑 Ins风相框+文艺复古包+相册,2000+条评价,京严数码买手店
423,￥800.00,富士instax mini12一次成像拍立得相机mini12（11升级版） 鸢尾紫 套餐3：官配+30张+保护壳+相框+束口袋,5000+条评价,富士恒敏专卖店
424,￥599.00,Fujifilm/富士立拍立得mini11一次成像相机mini9升级 mini11绯樱粉 （现货闪发） 官方标配单,200+条评价,拍立得经营部
425,￥1459.00,"京东国际
富士（FUJIFILM）拍立得instax mini90 mini40升级款 一次成像相机 日版 黑色",0条评价,ElectronicPartner海外旗舰店
426,￥689.00,富士（FUJIFILM） 拍立得相纸mini8/9/11/12/25/70/40/90/evo通用 拍立得 相纸100张 官方标配,2000+条评价,京严数码买手店
427,￥2299.00,"京东国际
【双十一】富士（FUJIFILM）拍立得相机Instax Mini EVO 一次成像相机多种镜头效果 mini Evo 棕色【+20张相纸】",8条评价,MABC海外官方旗舰店
428,￥509.00,"拍拍
富士拍立得Mini7S/7+/8/9/11/12/25/lipa一次成像二手学生款迷你95新 mini11颜色随机",500+条评价,翼思二手摄影器材专营店
429,￥799.00,富士FUJIFILM instax pal拍照精灵 小巧可爱多色可选 Instax Pal 雪球白【小巧可爱拍照精灵】 官方标配,5条评价,富士旗舰店
430,￥761.00,富士instax mini12一次成像拍立得相机mini12（11升级版） 鸢尾紫 套餐2：官配+20张+保护壳+相框+束口袋,5000+条评价,富士恒敏专卖店
431,￥789.00,富士（FUJIFILM）mini12拍立得相纸一次成像 mini11升级款 mini12 鸢尾紫 Ins风相框+相册+水晶壳+彩虹肩带,1万+条评价,京严数码买手店
432,￥539.00,富士（FUJIFILM） 拍立得相纸mini8/9/11/12/25/70/40/90/evo通用 拍立得 相纸 80张,1万+条评价,京严数码买手店
433,￥468.00,Fujifilm/富士立拍立得mini11一次成像相机mini9升级 mini7+白色 官方标配单相机,200+条评价,拍立得经营部
434,￥1849.00,富士（FUJIFILM）拍立得instax mini90 40升级复古款一次成像相机 mini90 棕色 Ins风相框+文艺复古包+相册,2000+条评价,京严数码买手店
435,￥629.00,富士（FUJIFILM） 拍立得mini7+即时成像相机一次成像旅游照相机立拍立得时尚节日礼物 白色 礼盒套餐【小黄人花花配件盒++相纸20张】,1000+条评价,XWXS官方旗舰店
436,￥1381.00,富士（FUJIFILM） 拍立得mini LiPlay数模一次成像相机（具有手机照片打印功能） 石英白 套餐A【官配+相纸20张+袋+角贴+相纸袋】,1000+条评价,XWXS官方旗舰店
437,￥1661.00,富士（FUJIFILM） 拍立得mini EVO数模一次成像相机复古设计多种镜头效果可拍照可打印 【新品-复古棕】 相纸套餐【标配+相纸40张+镜头盖】,2000+条评价,XWXS官方旗舰店
438,￥15199.00,富士（FUJIFILM）X-T5 XT5 微单数码相机 Vlog 防抖6K视频XT4升级 XT5银色单机身 国际版,1000+条评价,京严数码买手店
439,￥833.00,富士（FUJIFILM） 【新品】拍立得mini12一次成像相机mini11升级版一键拍摄傻瓜照相机 鸢尾紫 套餐D【标配+相纸40张+水晶壳+相框+相册】,500+条评价,XWXS官方旗舰店
440,￥833.00,富士（FUJIFILM） 【新品】拍立得mini12一次成像相机mini11升级版一键拍摄傻瓜照相机 薄荷绿 套餐D【标配+相纸40张+水晶壳+相框+相册】,500+条评价,XWXS官方旗舰店
441,￥799.00,富士instax 一次成像立拍立得 CCD智能相机PAL 猫爪粉 拍照精灵学生玩具相机单机,81条评价,富士instax京东自营旗舰店
442,￥1300.00,富士拍立得 instax WIDE300 5英寸 宽幅相机 立易拍得 一次成像 Wide300黑+20张Wide白边相纸,18条评价,风富图工作室
443,￥899.00,富士（FUJIFILM）拍立得instax mini90 40升级复古款一次成像相机 mini40 黑色 Ins风相框+文艺复古包+相册,2000+条评价,京严数码买手店
444,￥9939.00,富士/FUJIFLM X-S10 xs10复古微单照相机vlog自拍美颜高清摄影二手微单相机 富士X-S10 18-55套机 99成新,100+条评价,鹏宇影视二手数码专营店
445,￥1838.00,富士（FUJIFILM） 拍立得mini EVO数模一次成像相机复古设计多种镜头效果可拍照可打印 【新品-复古棕】 臻享套餐【标配+相纸20+包+补光灯+肩带】,2000+条评价,XWXS官方旗舰店
446,￥1499.00,"京东国际
FUJIFILM 富士 instax mini90 拍立得 一次成像相机 立拍立得迷你90礼物 mini90 棕色",1000+条评价,蜗牛国际数码海外官方旗舰店
447,￥1575.00,"京东国际
富士拍（FUJIFILM）立得wide300 相机宽幅5照片 wide300 黑色 官方标配",2条评价,CKGO海外旗舰店
448,￥699.00,"京东国际
富士（FUJIFILM） instax mini12立拍立得一次成像相机 3英寸相纸一次成像旅游 mini12 薄荷绿",1万+条评价,amazing world海外专营店
449,￥599.00,"京东国际
FUJIFILM/富士 instax mini12立拍立得一次成像相机 生日礼物可爱迷你 MINI12 鸢尾紫 官方标配",200+条评价,VALUE DISTRIBUTION数码海外专营店
450,￥13699.00,富士（FUJIFILM）xs-20 xs20 x-s20微单数码相机 防抖 xs10升级版 单机身+18-55mm,2000+条评价,京严数码买手店
451,￥708.00,富士instax mini12一次成像拍立得相机mini12（11升级版） 鸢尾紫 套餐1：官配+10张相纸+相纸保护套+贴纸+角贴,5000+条评价,富士恒敏专卖店
452,￥1749.00,富士（FUJIFILM）拍立得instax mini90 40升级复古款一次成像相机 mini90 经典黑 Ins风相框+文艺复古包+相册,2000+条评价,京严数码买手店
453,￥800.00,富士instax mini12一次成像拍立得相机mini12（11升级版） 鸢尾紫 套餐3：官配+30张+保护壳+相框+束口袋,5000+条评价,富士恒敏专卖店
454,￥599.00,Fujifilm/富士立拍立得mini11一次成像相机mini9升级 mini11绯樱粉 （现货闪发） 官方标配单,200+条评价,拍立得经营部
455,￥1459.00,"京东国际
富士（FUJIFILM）拍立得instax mini90 mini40升级款 一次成像相机 日版 黑色",0条评价,ElectronicPartner海外旗舰店
456,￥689.00,富士（FUJIFILM） 拍立得相纸mini8/9/11/12/25/70/40/90/evo通用 拍立得 相纸100张 官方标配,2000+条评价,京严数码买手店
457,￥2299.00,"京东国际
【双十一】富士（FUJIFILM）拍立得相机Instax Mini EVO 一次成像相机多种镜头效果 mini Evo 棕色【+20张相纸】",8条评价,MABC海外官方旗舰店
458,￥509.00,"拍拍
富士拍立得Mini7S/7+/8/9/11/12/25/lipa一次成像二手学生款迷你95新 mini11颜色随机",500+条评价,翼思二手摄影器材专营店
459,￥799.00,富士FUJIFILM instax pal拍照精灵 小巧可爱多色可选 Instax Pal 雪球白【小巧可爱拍照精灵】 官方标配,5条评价,富士旗舰店
460,￥761.00,富士instax mini12一次成像拍立得相机mini12（11升级版） 鸢尾紫 套餐2：官配+20张+保护壳+相框+束口袋,5000+条评价,富士恒敏专卖店
461,￥789.00,富士（FUJIFILM）mini12拍立得相纸一次成像 mini11升级款 mini12 鸢尾紫 Ins风相框+相册+水晶壳+彩虹肩带,1万+条评价,京严数码买手店
462,￥539.00,富士（FUJIFILM） 拍立得相纸mini8/9/11/12/25/70/40/90/evo通用 拍立得 相纸 80张,1万+条评价,京严数码买手店
463,￥468.00,Fujifilm/富士立拍立得mini11一次成像相机mini9升级 mini7+白色 官方标配单相机,200+条评价,拍立得经营部
464,￥1849.00,富士（FUJIFILM）拍立得instax mini90 40升级复古款一次成像相机 mini90 棕色 Ins风相框+文艺复古包+相册,2000+条评价,京严数码买手店
465,￥629.00,富士（FUJIFILM） 拍立得mini7+即时成像相机一次成像旅游照相机立拍立得时尚节日礼物 白色 礼盒套餐【小黄人花花配件盒++相纸20张】,1000+条评价,XWXS官方旗舰店
466,￥1381.00,富士（FUJIFILM） 拍立得mini LiPlay数模一次成像相机（具有手机照片打印功能） 石英白 套餐A【官配+相纸20张+袋+角贴+相纸袋】,1000+条评价,XWXS官方旗舰店
467,￥1661.00,富士（FUJIFILM） 拍立得mini EVO数模一次成像相机复古设计多种镜头效果可拍照可打印 【新品-复古棕】 相纸套餐【标配+相纸40张+镜头盖】,2000+条评价,XWXS官方旗舰店
468,￥15199.00,富士（FUJIFILM）X-T5 XT5 微单数码相机 Vlog 防抖6K视频XT4升级 XT5银色单机身 国际版,1000+条评价,京严数码买手店
469,￥833.00,富士（FUJIFILM） 【新品】拍立得mini12一次成像相机mini11升级版一键拍摄傻瓜照相机 鸢尾紫 套餐D【标配+相纸40张+水晶壳+相框+相册】,500+条评价,XWXS官方旗舰店
470,￥833.00,富士（FUJIFILM） 【新品】拍立得mini12一次成像相机mini11升级版一键拍摄傻瓜照相机 薄荷绿 套餐D【标配+相纸40张+水晶壳+相框+相册】,500+条评价,XWXS官方旗舰店
471,￥799.00,富士instax 一次成像立拍立得 CCD智能相机PAL 猫爪粉 拍照精灵学生玩具相机单机,81条评价,富士instax京东自营旗舰店
472,￥1300.00,富士拍立得 instax WIDE300 5英寸 宽幅相机 立易拍得 一次成像 Wide300黑+20张Wide白边相纸,18条评价,风富图工作室
473,￥899.00,富士（FUJIFILM）拍立得instax mini90 40升级复古款一次成像相机 mini40 黑色 Ins风相框+文艺复古包+相册,2000+条评价,京严数码买手店
474,￥9939.00,富士/FUJIFLM X-S10 xs10复古微单照相机vlog自拍美颜高清摄影二手微单相机 富士X-S10 18-55套机 99成新,100+条评价,鹏宇影视二手数码专营店
475,￥1838.00,富士（FUJIFILM） 拍立得mini EVO数模一次成像相机复古设计多种镜头效果可拍照可打印 【新品-复古棕】 臻享套餐【标配+相纸20+包+补光灯+肩带】,2000+条评价,XWXS官方旗舰店
476,￥1499.00,"京东国际
FUJIFILM 富士 instax mini90 拍立得 一次成像相机 立拍立得迷你90礼物 mini90 棕色",1000+条评价,蜗牛国际数码海外官方旗舰店
477,￥1575.00,"京东国际
富士拍（FUJIFILM）立得wide300 相机宽幅5照片 wide300 黑色 官方标配",2条评价,CKGO海外旗舰店
478,￥699.00,"京东国际
富士（FUJIFILM） instax mini12立拍立得一次成像相机 3英寸相纸一次成像旅游 mini12 薄荷绿",1万+条评价,amazing world海外专营店
479,￥599.00,"京东国际
FUJIFILM/富士 instax mini12立拍立得一次成像相机 生日礼物可爱迷你 MINI12 鸢尾紫 官方标配",200+条评价,VALUE DISTRIBUTION数码海外专营店
480,￥13699.00,富士（FUJIFILM）xs-20 xs20 x-s20微单数码相机 防抖 xs10升级版 单机身+18-55mm,2000+条评价,京严数码买手店
481,￥708.00,富士instax mini12一次成像拍立得相机mini12（11升级版） 鸢尾紫 套餐1：官配+10张相纸+相纸保护套+贴纸+角贴,5000+条评价,富士恒敏专卖店
482,￥1749.00,富士（FUJIFILM）拍立得instax mini90 40升级复古款一次成像相机 mini90 经典黑 Ins风相框+文艺复古包+相册,2000+条评价,京严数码买手店
483,￥800.00,富士instax mini12一次成像拍立得相机mini12（11升级版） 鸢尾紫 套餐3：官配+30张+保护壳+相框+束口袋,5000+条评价,富士恒敏专卖店
484,￥599.00,Fujifilm/富士立拍立得mini11一次成像相机mini9升级 mini11绯樱粉 （现货闪发） 官方标配单,200+条评价,拍立得经营部
485,￥1459.00,"京东国际
富士（FUJIFILM）拍立得instax mini90 mini40升级款 一次成像相机 日版 黑色",0条评价,ElectronicPartner海外旗舰店
486,￥689.00,富士（FUJIFILM） 拍立得相纸mini8/9/11/12/25/70/40/90/evo通用 拍立得 相纸100张 官方标配,2000+条评价,京严数码买手店
487,￥2299.00,"京东国际
【双十一】富士（FUJIFILM）拍立得相机Instax Mini EVO 一次成像相机多种镜头效果 mini Evo 棕色【+20张相纸】",8条评价,MABC海外官方旗舰店
488,￥509.00,"拍拍
富士拍立得Mini7S/7+/8/9/11/12/25/lipa一次成像二手学生款迷你95新 mini11颜色随机",500+条评价,翼思二手摄影器材专营店
489,￥799.00,富士FUJIFILM instax pal拍照精灵 小巧可爱多色可选 Instax Pal 雪球白【小巧可爱拍照精灵】 官方标配,5条评价,富士旗舰店
490,￥761.00,富士instax mini12一次成像拍立得相机mini12（11升级版） 鸢尾紫 套餐2：官配+20张+保护壳+相框+束口袋,5000+条评价,富士恒敏专卖店
491,￥789.00,富士（FUJIFILM）mini12拍立得相纸一次成像 mini11升级款 mini12 鸢尾紫 Ins风相框+相册+水晶壳+彩虹肩带,1万+条评价,京严数码买手店
492,￥539.00,富士（FUJIFILM） 拍立得相纸mini8/9/11/12/25/70/40/90/evo通用 拍立得 相纸 80张,1万+条评价,京严数码买手店
493,￥468.00,Fujifilm/富士立拍立得mini11一次成像相机mini9升级 mini7+白色 官方标配单相机,200+条评价,拍立得经营部
494,￥1849.00,富士（FUJIFILM）拍立得instax mini90 40升级复古款一次成像相机 mini90 棕色 Ins风相框+文艺复古包+相册,2000+条评价,京严数码买手店
495,￥629.00,富士（FUJIFILM） 拍立得mini7+即时成像相机一次成像旅游照相机立拍立得时尚节日礼物 白色 礼盒套餐【小黄人花花配件盒++相纸20张】,1000+条评价,XWXS官方旗舰店
496,￥1381.00,富士（FUJIFILM） 拍立得mini LiPlay数模一次成像相机（具有手机照片打印功能） 石英白 套餐A【官配+相纸20张+袋+角贴+相纸袋】,1000+条评价,XWXS官方旗舰店
497,￥1661.00,富士（FUJIFILM） 拍立得mini EVO数模一次成像相机复古设计多种镜头效果可拍照可打印 【新品-复古棕】 相纸套餐【标配+相纸40张+镜头盖】,2000+条评价,XWXS官方旗舰店
498,￥15199.00,富士（FUJIFILM）X-T5 XT5 微单数码相机 Vlog 防抖6K视频XT4升级 XT5银色单机身 国际版,1000+条评价,京严数码买手店
499,￥833.00,富士（FUJIFILM） 【新品】拍立得mini12一次成像相机mini11升级版一键拍摄傻瓜照相机 鸢尾紫 套餐D【标配+相纸40张+水晶壳+相框+相册】,500+条评价,XWXS官方旗舰店
500,￥833.00,富士（FUJIFILM） 【新品】拍立得mini12一次成像相机mini11升级版一键拍摄傻瓜照相机 薄荷绿 套餐D【标配+相纸40张+水晶壳+相框+相册】,500+条评价,XWXS官方旗舰店
501,￥799.00,富士instax 一次成像立拍立得 CCD智能相机PAL 猫爪粉 拍照精灵学生玩具相机单机,81条评价,富士instax京东自营旗舰店
502,￥1300.00,富士拍立得 instax WIDE300 5英寸 宽幅相机 立易拍得 一次成像 Wide300黑+20张Wide白边相纸,18条评价,风富图工作室
503,￥899.00,富士（FUJIFILM）拍立得instax mini90 40升级复古款一次成像相机 mini40 黑色 Ins风相框+文艺复古包+相册,2000+条评价,京严数码买手店
504,￥9939.00,富士/FUJIFLM X-S10 xs10复古微单照相机vlog自拍美颜高清摄影二手微单相机 富士X-S10 18-55套机 99成新,100+条评价,鹏宇影视二手数码专营店
505,￥1838.00,富士（FUJIFILM） 拍立得mini EVO数模一次成像相机复古设计多种镜头效果可拍照可打印 【新品-复古棕】 臻享套餐【标配+相纸20+包+补光灯+肩带】,2000+条评价,XWXS官方旗舰店
506,￥1499.00,"京东国际
FUJIFILM 富士 instax mini90 拍立得 一次成像相机 立拍立得迷你90礼物 mini90 棕色",1000+条评价,蜗牛国际数码海外官方旗舰店
507,￥1575.00,"京东国际
富士拍（FUJIFILM）立得wide300 相机宽幅5照片 wide300 黑色 官方标配",2条评价,CKGO海外旗舰店
508,￥699.00,"京东国际
富士（FUJIFILM） instax mini12立拍立得一次成像相机 3英寸相纸一次成像旅游 mini12 薄荷绿",1万+条评价,amazing world海外专营店
509,￥599.00,"京东国际
FUJIFILM/富士 instax mini12立拍立得一次成像相机 生日礼物可爱迷你 MINI12 鸢尾紫 官方标配",200+条评价,VALUE DISTRIBUTION数码海外专营店
510,￥13699.00,富士（FUJIFILM）xs-20 xs20 x-s20微单数码相机 防抖 xs10升级版 单机身+18-55mm,2000+条评价,京严数码买手店
511,￥708.00,富士instax mini12一次成像拍立得相机mini12（11升级版） 鸢尾紫 套餐1：官配+10张相纸+相纸保护套+贴纸+角贴,5000+条评价,富士恒敏专卖店
512,￥1749.00,富士（FUJIFILM）拍立得instax mini90 40升级复古款一次成像相机 mini90 经典黑 Ins风相框+文艺复古包+相册,2000+条评价,京严数码买手店
513,￥800.00,富士instax mini12一次成像拍立得相机mini12（11升级版） 鸢尾紫 套餐3：官配+30张+保护壳+相框+束口袋,5000+条评价,富士恒敏专卖店
514,￥599.00,Fujifilm/富士立拍立得mini11一次成像相机mini9升级 mini11绯樱粉 （现货闪发） 官方标配单,200+条评价,拍立得经营部
515,￥1459.00,"京东国际
富士（FUJIFILM）拍立得instax mini90 mini40升级款 一次成像相机 日版 黑色",0条评价,ElectronicPartner海外旗舰店
516,￥689.00,富士（FUJIFILM） 拍立得相纸mini8/9/11/12/25/70/40/90/evo通用 拍立得 相纸100张 官方标配,2000+条评价,京严数码买手店
517,￥2299.00,"京东国际
【双十一】富士（FUJIFILM）拍立得相机Instax Mini EVO 一次成像相机多种镜头效果 mini Evo 棕色【+20张相纸】",8条评价,MABC海外官方旗舰店
518,￥509.00,"拍拍
富士拍立得Mini7S/7+/8/9/11/12/25/lipa一次成像二手学生款迷你95新 mini11颜色随机",500+条评价,翼思二手摄影器材专营店
519,￥799.00,富士FUJIFILM instax pal拍照精灵 小巧可爱多色可选 Instax Pal 雪球白【小巧可爱拍照精灵】 官方标配,5条评价,富士旗舰店
520,￥761.00,富士instax mini12一次成像拍立得相机mini12（11升级版） 鸢尾紫 套餐2：官配+20张+保护壳+相框+束口袋,5000+条评价,富士恒敏专卖店
521,￥789.00,富士（FUJIFILM）mini12拍立得相纸一次成像 mini11升级款 mini12 鸢尾紫 Ins风相框+相册+水晶壳+彩虹肩带,1万+条评价,京严数码买手店
522,￥539.00,富士（FUJIFILM） 拍立得相纸mini8/9/11/12/25/70/40/90/evo通用 拍立得 相纸 80张,1万+条评价,京严数码买手店
523,￥468.00,Fujifilm/富士立拍立得mini11一次成像相机mini9升级 mini7+白色 官方标配单相机,200+条评价,拍立得经营部
524,￥1849.00,富士（FUJIFILM）拍立得instax mini90 40升级复古款一次成像相机 mini90 棕色 Ins风相框+文艺复古包+相册,2000+条评价,京严数码买手店
525,￥629.00,富士（FUJIFILM） 拍立得mini7+即时成像相机一次成像旅游照相机立拍立得时尚节日礼物 白色 礼盒套餐【小黄人花花配件盒++相纸20张】,1000+条评价,XWXS官方旗舰店
526,￥1381.00,富士（FUJIFILM） 拍立得mini LiPlay数模一次成像相机（具有手机照片打印功能） 石英白 套餐A【官配+相纸20张+袋+角贴+相纸袋】,1000+条评价,XWXS官方旗舰店
527,￥1661.00,富士（FUJIFILM） 拍立得mini EVO数模一次成像相机复古设计多种镜头效果可拍照可打印 【新品-复古棕】 相纸套餐【标配+相纸40张+镜头盖】,2000+条评价,XWXS官方旗舰店
528,￥15199.00,富士（FUJIFILM）X-T5 XT5 微单数码相机 Vlog 防抖6K视频XT4升级 XT5银色单机身 国际版,1000+条评价,京严数码买手店
529,￥833.00,富士（FUJIFILM） 【新品】拍立得mini12一次成像相机mini11升级版一键拍摄傻瓜照相机 鸢尾紫 套餐D【标配+相纸40张+水晶壳+相框+相册】,500+条评价,XWXS官方旗舰店
530,￥833.00,富士（FUJIFILM） 【新品】拍立得mini12一次成像相机mini11升级版一键拍摄傻瓜照相机 薄荷绿 套餐D【标配+相纸40张+水晶壳+相框+相册】,500+条评价,XWXS官方旗舰店
531,￥799.00,富士instax 一次成像立拍立得 CCD智能相机PAL 猫爪粉 拍照精灵学生玩具相机单机,81条评价,富士instax京东自营旗舰店
532,￥1300.00,富士拍立得 instax WIDE300 5英寸 宽幅相机 立易拍得 一次成像 Wide300黑+20张Wide白边相纸,18条评价,风富图工作室
533,￥899.00,富士（FUJIFILM）拍立得instax mini90 40升级复古款一次成像相机 mini40 黑色 Ins风相框+文艺复古包+相册,2000+条评价,京严数码买手店
534,￥9939.00,富士/FUJIFLM X-S10 xs10复古微单照相机vlog自拍美颜高清摄影二手微单相机 富士X-S10 18-55套机 99成新,100+条评价,鹏宇影视二手数码专营店
535,￥1838.00,富士（FUJIFILM） 拍立得mini EVO数模一次成像相机复古设计多种镜头效果可拍照可打印 【新品-复古棕】 臻享套餐【标配+相纸20+包+补光灯+肩带】,2000+条评价,XWXS官方旗舰店
536,￥1499.00,"京东国际
FUJIFILM 富士 instax mini90 拍立得 一次成像相机 立拍立得迷你90礼物 mini90 棕色",1000+条评价,蜗牛国际数码海外官方旗舰店
537,￥1575.00,"京东国际
富士拍（FUJIFILM）立得wide300 相机宽幅5照片 wide300 黑色 官方标配",2条评价,CKGO海外旗舰店
538,￥699.00,"京东国际
富士（FUJIFILM） instax mini12立拍立得一次成像相机 3英寸相纸一次成像旅游 mini12 薄荷绿",1万+条评价,amazing world海外专营店
539,￥599.00,"京东国际
FUJIFILM/富士 instax mini12立拍立得一次成像相机 生日礼物可爱迷你 MINI12 鸢尾紫 官方标配",200+条评价,VALUE DISTRIBUTION数码海外专营店
540,￥1374.00,富士（FUJIFILM）一次成像立拍立得mini11 BTS 黄油宝相机 奶油黄 标配,2条评价,NUCKILY海外旗舰店
541,￥1713.00,富士（FUJIFILM） 拍立得mini EVO数模一次成像相机复古设计多种镜头效果可拍照可打印 【新品-复古棕】 旅行套餐【标配+相纸20张+包+肩带】,2000+条评价,XWXS官方旗舰店
542,￥1100.00,富士拍立得 instax WIDE300 5英寸 宽幅相机 立易拍得 一次成像 Wide300黑色单机标配,18条评价,风富图工作室
543,￥1149.00,"京东国际
FUJIFILM 富士 instax WIDE300 拍立得 一次成像相机 宽幅大视野立 WIDE300 黑色",43条评价,蜗牛国际家用电器海外官方旗舰店
544,￥1348.00,富士instax立拍立得 一次成像相机 SQUARE SQ40 套餐1：官配内容+20张相纸+相框+方活页多彩相册,66条评价,富士恒敏专卖店
545,￥1673.00,富士（FUJIFILM） 拍立得mini90一次成像复古设计拍立得相机双重曝光经典复古设计自动曝光 复古黑 套餐D【标配+相纸40张+束口袋+相框+相册】,1000+条评价,XWXS官方旗舰店
546,￥13699.00,富士 8K视频高速连拍五轴防抖相机 X-H2 单机,4条评价,忆镜二手摄影摄像专营店
547,￥1588.00,富士（FUJIFILM） instax mini90胶片相机一次成像复古款拍立得相机套餐含相纸 黑色 套餐一【标配+10张相纸+升级款实用礼包C】,5000+条评价,富士沫橙专卖店
548,￥1299.00,"京东国际
【日本直邮】FUJIFILM 拍立得相机 富士胶片 instax mini 40",0条评价,CKGO海外旗舰店
549,￥769.00,富士（FUJIFILM）mini12拍立得相纸一次成像 mini11升级款 mini12 薄荷绿 Ins风相框+相册+水晶壳+彩虹肩带,1万+条评价,京严数码买手店
550,￥1499.00,"京东国际
FUJIFILM 富士 instax mini90 拍立得 一次成像相机 立拍立得 迷你90 mini90 黑色",10条评价,京东国际进口超市
551,￥1601.00,富士（FUJIFILM） 拍立得mini90一次成像复古设计拍立得相机双重曝光经典复古设计自动曝光 复古黑 套餐B【标配+相纸20张+束口袋+相框+相册】,1000+条评价,XWXS官方旗舰店
552,￥977.00,富士（FUJIFILM）instax mini11一次成像拍立得相机自带美颜迷 薄荷绿,0条评价,NUCKILY海外旗舰店
553,￥1838.00,富士（FUJIFILM） 拍立得mini EVO数模一次成像相机复古设计多种镜头效果可拍照可打印 【新品-复古黑】 臻享套餐【标配+相纸20+包+补光灯+肩带】,2000+条评价,XWXS官方旗舰店
554,￥789.00,富士（FUJIFILM）mini12拍立得相纸一次成像 mini11升级款 mini12 茉莉白 Ins风相框+相册+水晶壳+彩虹肩带,1万+条评价,京严数码买手店
555,￥1499.00,"京东国际
FUJIFILM 富士 instax mini90 拍立得 一次成像相机 立拍立得 迷你90 mini90 棕色",200+条评价,蜗牛国际家用电器海外官方旗舰店
556,￥677.00,富士（FUJIFILM） instax立拍立得mini11一次成像相机傻瓜旅游照相机相纸 冰晶白 官方标配+派对时光配件盒,2000+条评价,哆啦有货旗舰店
557,￥789.00,富士（FUJIFILM）mini12拍立得相纸一次成像 mini11升级款 mini12 绣球蓝 Ins风相框+相册+水晶壳+彩虹肩带,1万+条评价,京严数码买手店
558,￥5999.00,富士(FUJIFILM)XA5 XA7 X-T100/XT100二手微单相机 复古胶片4K视频照相机 X-A7海军蓝+15-45 95新,0条评价,云展汇二手摄影摄像专营店
559,￥1489.00,KODAK柯达Mini Shot 3 Retro(含8张相纸) 4PASS拍立得方形照片打印机二合一 黄色套餐二_套餐1+ 5件套,500+条评价,柯达普尔尼斯专卖店
560,￥709.00,"京东国际
【日本直邮】富士Fujifilm 拍立得相机 Instax Mini TSUM TSUM 【日本直邮】【优惠价格】【品质保证】【非囤货采购】【日本流通产品】【日本人气品牌】【生日礼物】【家电用品】【动漫玩具】【居家厨房】【日韩表】【户外运动用品】",2条评价,want.jp株式会社海外旗舰店
561,￥588.00,"京东国际
FUJIFILM/富士 拍立得MINI11 一次成像mini相机 即拍即得 迷你相机7/9升级款 MINI11 暗夜灰 官方标配",500+条评价,VALUE DISTRIBUTION数码海外专营店
562,￥1299.00,富士instax立拍立得 数模一次成像相机（具有手机照片打印功能）mini Liplay 腮红金,5万+条评价,富士instax京东自营旗舰店
563,￥1499.00,富士（FUJIFILM） instax mini90胶片相机一次成像复古款拍立得相机套餐含相纸 黑色 官方标配,5000+条评价,富士沫橙专卖店
564,￥899.00,富士（FUJIFILM）mini12拍立得相机 instax一次成像胶片 旅行游玩 生日礼物 mini12白色+20张相纸,0条评价,MABC海外旗舰店
565,￥1329.00,"京东国际
富士（FUJIFILM） instax mini90 拍立得相机一次成像复古款迷你胶片 mini90 黑色",200+条评价,ZHIHUITONG海外专营店
566,￥3188.00,徕卡（Leica）SOFORT 2 拍立得 一次成像相机（白色）19188【预定专享】,0条评价,徕卡京东自营旗舰店
567,￥1099.00,富士instax mini Link2 立拍立得 手机照片打印机 学生家用 淡杏粉（含白边双包相纸60张）,2000+条评价,富士instax京东自营旗舰店
568,￥1299.00,富士instax Link WIDE 立拍立得 手机照片打印机烟灰白 学生家用 （含宽幅双包装相纸20张）,2000+条评价,富士instax京东自营旗舰店
569,￥1299.00,富士instax Link WIDE 立拍立得 手机照片打印机摩卡灰（含宽幅双包装相纸20张）,2000+条评价,富士instax京东自营旗舰店
570,￥2599.00,富士/FUJIFILM x-t100/xt100 xa5/xa7 4k微单相机 二手微单相机 95新 富士X-A3单机身（颜色备注）,200+条评价,摄贸二手数码专营店
571,￥889.00,柯达（Kodak）C210拍立得相机 拍照打印一体机 白灰 礼盒装（ 含自拍镜 APP编辑预览打印 热升华相片打印）,1000+条评价,柯达拍立得京东自营旗舰店
572,￥594.00,新款拍立得相机 mini7+学生款 mini7c mini7s新款 礼盒套装加相纸 白色送配件盒 礼盒套装送十张相纸,500+条评价,乐选摄影工作室
573,￥1559.18,"京东国际
富士拍（FUJIFILM）立得wide300 相机宽幅5照片 wide300 黑色 官方标配",0条评价,Wise海外旗舰店
574,￥889.00,富士instax mini12一次成像拍立得相机mini12（11升级版） 绣球蓝 哈利波特魔法学院礼盒版,5000+条评价,富士恒敏专卖店
575,￥679.00,"京东国际
富士（Fujifilm1）/ 拍立得MINI 一次成像mini相机 即拍即得 迷你相机/升 MINI11 丁香紫 官方标配",0条评价,ventures个人护理海外专营店
576,￥1899.00,富士（FUJIFILM）mini90拍立得相机Instax 一次成像复古款迷你胶片相机 生日礼物 Mini90-Brown棕色+20张相纸,100+条评价,MABC海外旗舰店
577,￥59.85,当天秒发富士instax立拍立得一次成像相机mini7+mini7C升级版 mini7+仅专属配件盒 官方标配,0条评价,惦文手机买手店
578,￥1268.00,现货 fuji film拍立得WIDE300宽幅相机5英寸instax 奶白色 官方标配相机,22条评价,Fuji拍立得经营部
579,￥2069.00,"京东国际
富士拍（FUJIFILM）立得wide300 相机宽幅5照片 奶糖色 官方标配",2条评价,CKGO海外旗舰店
580,￥1137.00,富士（FUJIFILM）拍立得方形相机SQ1一次成像创意礼物立拍立得自动曝光自动美颜 冰川蓝 套餐B【标配+相纸20张+冰箱贴+相纸收纳盒】,22条评价,XWXS官方旗舰店
581,￥899.00,富士instax Pal 拍照精灵 礼盒套装 丹宁蓝,81条评价,富士instax京东自营旗舰店
582,￥2099.00,【双十一】富士（FUJIFILM） 拍立得相机Instax 一次成像复古迷你胶片双重曝光【日本直邮】 mini90 棕色【+20张相纸】,67条评价,MABC海外官方旗舰店
583,￥1388.00,"京东国际
【日本直邮】富士 拍立得相机 instax mini70 白色　Mini 70 - White 【日本直邮】【优惠价格】【品质保证】【非囤货采购】【日本流通产品】【日本人气品牌】【生日礼物】【家电用品】【动漫玩具】【居家厨房】【日韩表】【户外运动用品】",2条评价,want.jp株式会社海外旗舰店
584,￥1137.00,富士instax立拍立得 一次成像相机 SQUARE SQ1 冰川蓝 套餐1：官配+20张相纸+旺旺冰箱贴相框+收纳盒,1000+条评价,富士恒敏专卖店
585,￥1599.00,拍立得相机 mini90一次成像复古款相机七夕礼物即时出片复古 mini90 经典黑 海外版,78条评价,布爷3C数码买手店
586,￥1000.00,"京东国际
富士（FUJIFILM）拍立得instax mini12 mini11升级款 一次成像相机 日版 茉莉白",1条评价,ElectronicPartner海外旗舰店
587,￥639.00,"京东国际
instax立拍立得 一次成像相机 mini+（minic/s升级款）白 mini7+蓝 单机标配",0条评价,ventures个人护理海外专营店
588,￥3199.00,富士（FUJIFILM）X-T3 X-T20二代 X-T4 X-T200 S10复古二手微单相机 富士X-A5【颜色随机】 单机身 95成新,500+条评价,鑫億二手摄影摄像专营店
589,￥112.00,"京东国际
富士（FUJIFILM立拍立得胶卷相机instax mini12男女学生可爱迷你相机11/9/7+。 3寸白边10张(铝箔袋包装 )202 官方标配",5条评价,HOZON海外旗舰店
590,￥1198.00,Lomography【新配色】 Lomo’Instant Automat 自动测光拍立得相机 复古红色皮革限量款 单机（不含电池相纸）,2000+条评价,LOMOGRAPHY旗舰店
591,￥1099.00,"京东国际
富士instax立拍立得 一次成像相机 SQUARE SQ40",0条评价,Metro board海外数码专营店
592,￥696.00,富士 INSTAX mini12拍立得相纸一次成像相机mini11升级款网红拍照 mini12鸢尾紫+20张相纸,9条评价,远航数码买手店
593,￥699.00,"京东国际
富士（Fujifilm1）/ 拍立得MINI 一次成像mini相机 即拍即得 迷你相机/升 MINI11 冰晶白 官方标配",0条评价,ventures个人护理海外专营店
594,￥1299.00,富士（FUJIFILM）【购机送相纸】link wide宽幅照片打印机wide相纸大视野5英寸相纸 【link wide手机照片打印机-白色】 官方标配,200+条评价,XWXS官方旗舰店
595,￥1621.00,富士（FUJIFILM） instax mini90胶片相机一次成像复古款拍立得相机套餐含相纸 典藏红 套餐二【标配+20张相纸+升级款实用礼包C】,5000+条评价,富士沫橙专卖店
596,￥588.00,富士 INSTAX mini12拍立得相纸一次成像相机mini11升级款网红拍照 mini12薄荷绿 官方标配,62条评价,京信数码买手店
597,￥949.00,富士（FUJIFILM） 拍立得mini40礼盒套装一次成像立拍立得自动曝光创意生日礼物 mini40【盛世唐韵礼盒套餐】 官方标配【含相纸+配件】,1000+条评价,XWXS官方旗舰店
598,￥1713.00,富士（FUJIFILM） 拍立得mini EVO数模一体相机复古设计多种镜头效果可拍照可打印 新品-复古黑 旅行套餐【标配+相纸20张+包+肩带】,100+条评价,XWXS官方旗舰店
599,￥1621.00,富士（FUJIFILM） instax mini90胶片相机一次成像复古款拍立得相机套餐含相纸 棕色 套餐二【标配+20张相纸+升级款实用礼包C】,5000+条评价,富士沫橙专卖店
